,load,alloc,reward,sigma,event_start_time,event_end_time
1633733602.6563888,1.0,50.0,148.92959594726562,374.0563659667969,1633733602.6563888,1633733644.8441088
1633733646.9669166,1.0,50.0,300.0563659667969,444.7364501953125,1633733646.9669166,1633733671.1223788
1633733672.667452,1.0,50.0,134.66952514648438,296.55596923828125,1633733672.667452,1633733710.901787
1633733712.6591353,1.0,50.0,173.07772827148438,445.418701171875,1633733712.6591353,1633733754.536274
1633733756.1823123,1.0,50.0,96.58460235595703,451.30377197265625,1633733756.1823123,1633733831.7326565
1633733874.4797952,1.0,51.0,160.3745574951172,432.2875061035156,1633733874.4797952,1633733918.670096
1633733920.39526,1.0,51.0,143.799560546875,446.5098571777344,1633733920.39526,1633733971.0977795
1633734043.9591198,1.0,52.0,114.4400863647461,429.33026123046875,1633734043.9591198,1633734105.7381706
1633734107.9455435,1.0,52.0,178.9989471435547,441.0114440917969,1633734107.9455435,1633734148.0239923
1633734201.251905,1.0,53.0,222.5049591064453,255.82066345214844,1633734201.251905,1633734221.7817838
1633734223.4645312,1.0,53.0,263.55218505859375,469.7761535644531,1633734223.4645312,1633734251.409662
1633734309.0812743,1.0,54.0,181.3273162841797,444.6654052734375,1633734309.0812743,1633734349.2737832
1633734351.1808789,1.0,54.0,163.9515838623047,450.3628234863281,1633734351.1808789,1633734395.3036609
1633734469.2467082,1.0,55.0,126.28301239013672,472.00506591796875,1633734469.2467082,1633734528.0273783
1633734590.3316052,1.0,56.0,202.23228454589844,455.8280334472656,1633734590.3316052,1633734626.6017795
1633734628.3232644,1.0,56.0,131.0747528076172,474.8101806640625,1633734628.3232644,1633734685.5577788
1633734686.0944393,1.0,56.0,103.32879638671875,449.52886962890625,1633734686.0944393,1633734756.5297902
1633734759.1294193,1.0,56.0,124.21592712402344,459.45977783203125,1633734759.1294193,1633734819.5242498
1633734821.288732,1.0,56.0,124.1520004272461,471.18634033203125,1633734821.288732,1633734882.1737776
1633734920.0923252,1.0,57.0,145.4783935546875,463.9461364746094,1633734920.0923252,1633734971.4057887
1633734973.444736,1.0,57.0,113.48663330078125,456.11383056640625,1633734973.444736,1633735038.2188838
1633735072.8924243,1.0,58.0,219.71456909179688,449.96685791015625,1633735072.8924243,1633735106.144657
1633735107.0546184,1.0,58.0,100.5767822265625,474.5411682128906,1633735107.0546184,1633735181.4057734
1633735251.334797,1.0,59.0,132.50526428222656,458.9309387207031,1633735251.334797,1633735307.4457767
1633735346.424956,1.0,60.0,174.57363891601562,481.12957763671875,1633735346.424956,1633735391.0937839
1633735393.105297,1.0,60.0,136.47235107421875,479.6436462402344,1633735393.105297,1633735449.8054264
1633735500.9055336,1.0,61.0,147.43035888671875,339.8816833496094,1633735500.9055336,1633735539.6017694
1633735541.2265892,1.0,61.0,192.9582061767578,475.9065246582031,1633735541.2265892,1633735581.369998
1633735583.4895535,1.0,61.0,126.04232788085938,436.5665283203125,1633735583.4895535,1633735640.0975199
1633735708.3427665,1.0,62.0,220.87828063964844,469.7047119140625,1633735708.3427665,1633735742.8595138
1633735825.4412503,1.0,63.0,70.09403991699219,231.04953002929688,1633735825.4412503,1633735886.0312784
1633735937.7138429,1.0,64.0,143.71836853027344,494.4002990722656,1633735937.7138429,1633735991.1377752
1633735992.8180156,1.0,64.0,183.2889862060547,477.762939453125,1633735992.8180156,1633736034.0097973
1633736077.4224846,1.0,65.0,95.90666198730469,498.2254333496094,1633736077.4224846,1633736159.408448
1633736199.0425324,1.0,66.0,183.9998779296875,479.8833923339844,1633736199.0425324,1633736241.3577764
1633736243.6886058,1.0,66.0,208.40646362304688,490.4593200683594,1633736243.6886058,1633736281.369778
1633736283.2326057,1.0,66.0,174.4604949951172,496.9022521972656,1633736283.2326057,1633736327.116468
1633736383.0408514,1.0,67.0,138.44264221191406,509.2980041503906,1633736383.0408514,1633736441.0937726
1633736443.427902,1.0,67.0,150.64431762695312,482.76727294921875,1633736443.427902,1633736495.0063484
1633736535.7753594,1.0,68.0,177.4301300048828,498.6839599609375,1633736535.7753594,1633736579.8377755
1633736581.4977782,1.0,68.0,202.26571655273438,502.9696044921875,1633736581.4977782,1633736620.8222864
1633736661.8606951,1.0,69.0,196.05911254882812,475.52728271484375,1633736661.8606951,1633736701.2977817
1633736704.171488,1.0,69.0,158.66311645507812,501.3837585449219,1633736704.171488,1633736754.170507
1633736755.664209,1.0,69.0,225.7412567138672,495.6390686035156,1633736755.664209,1633736791.1074424
1633736823.250241,1.0,70.0,116.32325744628906,484.0704040527344,1633736823.250241,1633736889.8835216
1633736890.8140354,1.0,70.0,292.2369689941406,519.0366821289062,1633736890.8140354,1633736918.8323934
1633736920.9994433,1.0,70.0,160.6188507080078,507.396728515625,1633736920.9994433,1633736971.5414584
1633737042.6496186,1.0,71.0,151.71302795410156,488.5407409667969,1633737042.6496186,1633737094.583193
1633737223.113301,1.0,73.0,203.79928588867188,520.5563354492188,1633737223.113301,1633737263.9377816
1633737266.566502,1.0,73.0,238.4630584716797,537.6182250976562,1633737266.566502,1633737301.1462822
1633737360.516776,1.0,74.0,189.1924285888672,382.54156494140625,1633737360.516776,1633737395.0900424
1633737397.3467033,1.0,74.0,326.4361572265625,513.3663330078125,1633737397.3467033,1633737421.3697774
1633737471.8454983,1.0,75.0,308.53094482421875,511.53729248046875,1633737471.8454983,1633737497.8493729
1633737499.7843337,1.0,75.0,233.53895568847656,541.9061279296875,1633737499.7843337,1633737535.1017816
1633737537.5742311,1.0,75.0,215.48341369628906,481.3984680175781,1633737537.5742311,1633737572.3611324
1633737574.63581,1.0,75.0,210.74185180664062,507.15850830078125,1633737574.63581,1633737612.7060843
1633737661.6869867,1.0,76.0,279.24267578125,545.4124755859375,1633737661.6869867,1633737691.3457782
1633737693.329458,1.0,76.0,155.6018524169922,511.4684143066406,1633737693.329458,1633737743.624487
1633737745.7905233,1.0,76.0,281.33477783203125,461.43841552734375,1633737745.7905233,1633737772.5273533
1633737831.010039,1.0,77.0,203.22801208496094,516.331787109375,1633737831.010039,1633737871.0980163
1633737874.4316242,1.0,77.0,177.43478393554688,509.3057861328125,1633737874.4316242,1633737919.0846493
1633737919.7165906,1.0,77.0,177.25714111328125,504.22674560546875,1633737919.7165906,1633737963.5737805
1633737965.0220437,1.0,77.0,230.87997436523438,510.19622802734375,1633737965.0220437,1633738000.0315769
1633738000.866799,1.0,77.0,289.2991027832031,474.0490417480469,1633738000.866799,1633738027.2097769
1633738028.407557,1.0,77.0,240.16226196289062,488.8778076171875,1633738028.407557,1633738061.093791
1633738063.8168225,1.0,77.0,170.85348510742188,480.7229919433594,1633738063.8168225,1633738109.3236482
1633738111.9873002,1.0,77.0,274.8184509277344,527.9054565429688,1633738111.9873002,1633738141.1156209
1633738142.5231495,1.0,77.0,214.79600524902344,502.631591796875,1633738142.5231495,1633738179.4372437
1633738182.1323931,1.0,77.0,296.6544189453125,482.7674560546875,1633738182.1323931,1633738208.0817802
1633738209.2290058,1.0,77.0,198.99610900878906,511.8081970214844,1633738209.2290058,1633738250.621775
1633738287.4303265,1.0,78.0,175.2804412841797,521.9259643554688,1633738287.4303265,1633738333.2540364
1633738389.0277915,1.0,79.0,306.9731750488281,511.7635192871094,1633738389.0277915,1633738415.013776
1633738416.4852362,1.0,79.0,235.26785278320312,540.4590454101562,1633738416.4852362,1633738451.3986344
1633738452.831725,1.0,79.0,186.66831970214844,513.3065185546875,1633738452.831725,1633738496.3956263
1633738498.6136963,1.0,79.0,225.88101196289062,471.85784912109375,1633738498.6136963,1633738532.5297825
1633738565.8982747,1.0,80.0,234.24986267089844,537.7784423828125,1633738565.8982747,1633738601.0658522
1633738603.4894454,1.0,80.0,175.6241455078125,527.4100341796875,1633738603.4894454,1633738650.8177896
1633738653.7505283,1.0,80.0,187.85018920898438,315.86517333984375,1633738653.7505283,1633738683.4177868
1633738715.7194133,1.0,81.0,207.4700469970703,484.17120361328125,1633738715.7194133,1633738753.199523
1633738755.870337,1.0,81.0,275.9122619628906,505.641357421875,1633738755.870337,1633738784.9266763
1633738787.2403195,1.0,81.0,304.83636474609375,485.4476013183594,1633738787.2403195,1633738812.7425253
1633738851.9601536,1.0,82.0,272.46429443359375,495.3153076171875,1633738851.9601536,1633738881.1456301
1633738883.0190487,1.0,82.0,343.81500244140625,516.1799926757812,1633738883.0190487,1633738907.1017668
1633738999.1515007,1.0,83.0,253.31080627441406,520.720947265625,1633738999.1515007,1633739031.9096773
1633739035.0125365,1.0,83.0,187.7851104736328,448.5541687011719,1633739035.0125365,1633739072.6033764
1633739109.4680207,1.0,84.0,183.86070251464844,539.4381713867188,1633739109.4680207,1633739154.2192907
1633739156.4896727,1.0,84.0,174.3963165283203,529.2215576171875,1633739156.4896727,1633739203.2223125
1633739205.7854016,1.0,84.0,277.3887939453125,552.5048828125,1633739205.7854016,1633739235.757772
1633739272.4146266,1.0,85.0,172.7745361328125,509.5143127441406,1633739272.4146266,1633739319.632231
1633739321.859214,1.0,85.0,159.37786865234375,510.9315185546875,1633739321.859214,1633739373.0896664
1633739419.9154506,1.0,86.0,170.61134338378906,525.4445190429688,1633739419.9154506,1633739468.3237212
1633739471.0914438,1.0,86.0,231.01063537597656,524.6011962890625,1633739471.0914438,1633739506.773783
1633739555.8318117,1.0,87.0,200.2958984375,549.40673828125,1633739555.8318117,1633739597.0857759
1633739597.9777684,1.0,87.0,209.83824157714844,519.0059204101562,1633739597.9777684,1633739636.9983017
1633739836.958342,1.0,88.0,259.4338684082031,532.5792846679688,1633739836.958342,1633739869.1977735
1633739870.635539,1.0,88.0,164.79949951171875,551.046875,1633739870.635539,1633739921.3577797
1633739921.9218414,1.0,88.0,356.0981140136719,542.4003295898438,1633739921.9218414,1633739945.1457784
1633739947.809621,1.0,88.0,121.41862487792969,537.88623046875,1633739947.809621,1633740015.9457898
1633740019.2573955,1.0,88.0,167.69534301757812,540.928955078125,1633740019.2573955,1633740069.0977776
1633740113.7522063,1.0,89.0,366.70849609375,529.8424072265625,1633740113.7522063,1633740136.6177802
1633740138.503355,1.0,89.0,370.9513244628906,600.9103393554688,1633740138.503355,1633740162.4903297
1633740165.2646034,1.0,89.0,148.97708129882812,495.5765075683594,1633740165.2646034,1633740218.8366034
1633740220.4359016,1.0,89.0,243.5005340576172,541.4154663085938,1633740220.4359016,1633740254.04979
1633740288.6336977,1.0,90.0,132.12933349609375,231.06419372558594,1633740288.6336977,1633740321.117024
1633740324.4729366,1.0,90.0,335.8713073730469,526.9441528320312,1633740324.4729366,1633740349.11035
1633740428.6015112,1.0,91.0,185.3150634765625,535.7605590820312,1633740428.6015112,1633740473.8217945
1633740475.1785336,1.0,91.0,231.28492736816406,575.0711059570312,1633740475.1785336,1633740512.945802
1633740515.9343047,1.0,91.0,251.8248748779297,572.0245361328125,1633740515.9343047,1633740550.6131673
1633740554.3464813,1.0,91.0,251.39468383789062,525.1336059570312,1633740554.3464813,1633740587.3145618
1633740590.0855625,1.0,91.0,160.5577850341797,292.79681396484375,1633740590.0855625,1633740622.1114163
1633740624.8610914,1.0,91.0,277.7388610839844,540.8414916992188,1633740624.8610914,1633740655.46178
1633740701.3134935,1.0,91.0,293.5019226074219,587.2747192382812,1633740701.3134935,1633740731.0645752
1633740731.551328,1.0,91.0,289.26715087890625,560.6282958984375,1633740731.551328,1633740761.1433501
1633740763.392195,1.0,91.0,280.0888366699219,591.3705444335938,1633740763.392195,1633740794.7715244
1633740797.634688,1.0,91.0,371.56817626953125,592.6939697265625,1633740797.634688,1633740821.1377769
1633740823.369708,1.0,91.0,256.74249267578125,574.9354248046875,1633740823.369708,1633740856.5702896
1633740857.729775,1.0,91.0,261.1784973144531,545.2158203125,1633740857.729775,1633740889.3977718
1633740892.2428439,1.0,91.0,211.6240234375,546.7305908203125,1633740892.2428439,1633740932.6257827
1633740936.4241643,1.0,91.0,335.88916015625,531.5986328125,1633740936.4241643,1633740961.369894
1633740962.3915443,1.0,91.0,272.40283203125,549.7460327148438,1633740962.3915443,1633740993.7017927
1633740995.145899,1.0,91.0,242.50083923339844,578.2403564453125,1633740995.145899,1633741031.1457736
1633741032.4073372,1.0,91.0,312.8861083984375,541.9876098632812,1633741032.4073372,1633741059.573772
1633741061.9002235,1.0,91.0,181.4285430908203,535.7727661132812,1633741061.9002235,1633741108.3537726
1633741184.0746205,1.0,92.0,209.75833129882812,587.7105712890625,1633741184.0746205,1633741225.2934837
1633741227.5156765,1.0,92.0,292.78253173828125,564.3892211914062,1633741227.5156765,1633741256.410843
1633741258.7238238,1.0,92.0,181.54640197753906,550.2940063476562,1633741258.7238238,1633741306.2984374
1633741308.5722904,1.0,92.0,358.1422424316406,549.9228515625,1633741308.5722904,1633741332.4817858
1633741335.3346045,1.0,92.0,384.3474426269531,572.7792358398438,1633741335.3346045,1633741357.5983152
1633741360.39825,1.0,92.0,218.90330505371094,529.8187866210938,1633741360.39825,1633741398.5657876
1633741579.5796463,1.0,92.0,333.1034851074219,530.3748779296875,1633741579.5796463,1633741604.4457922
1633741607.6296127,1.0,92.0,213.71202087402344,526.7479858398438,1633741607.6296127,1633741646.789787
1633741650.2206314,1.0,92.0,411.1193542480469,548.7752685546875,1633741650.2206314,1633741671.09778
1633741673.2987177,1.0,92.0,186.3285369873047,561.4309692382812,1633741673.2987177,1633741719.2068772
1633741720.395669,1.0,92.0,287.43792724609375,538.74755859375,1633741720.395669,1633741749.835068
1633741752.441997,1.0,92.0,220.43994140625,566.7347412109375,1633741752.441997,1633741792.0083294
1633741794.8933709,1.0,92.0,388.4710388183594,567.5986328125,1633741794.8933709,1633741817.3712368
1633741853.0946019,1.0,93.0,268.48919677734375,539.5960083007812,1633741853.0946019,1633741884.6154218
1633741886.574905,1.0,93.0,216.4326934814453,576.4356079101562,1633741886.574905,1633741925.658648
1633742183.5634468,1.0,93.0,415.0191650390625,560.0625,1633742183.5634468,1633742204.3962202
1633742205.9879696,1.0,93.0,268.8005065917969,569.3511962890625,1633742205.9879696,1633742238.4097843
1633742240.5932534,1.0,93.0,285.298828125,565.6785278320312,1633742240.5932534,1633742271.1226451
1633742273.532202,1.0,93.0,234.59262084960938,584.1824951171875,1633742273.532202,1633742311.4617841
1633742313.8955681,1.0,93.0,268.1100158691406,535.6902465820312,1633742313.8955681,1633742345.1737742
1633742348.4375777,1.0,93.0,465.9465637207031,546.6505737304688,1633742348.4375777,1633742366.7465446
1633742370.0179794,1.0,93.0,284.83197021484375,540.3775634765625,1633742370.0179794,1633742399.6916156
1633742403.0349731,1.0,93.0,356.5657958984375,569.5747680664062,1633742403.0349731,1633742427.8017914
1633742430.8296883,1.0,93.0,261.59869384765625,547.5123291015625,1633742430.8296883,1633742463.52863
1633742466.6591134,1.0,93.0,299.119384765625,561.2504272460938,1633742466.6591134,1633742495.560617
1633742498.5068946,1.0,93.0,291.7225036621094,596.8652954101562,1633742498.5068946,1633742528.0829473
1633742529.2483473,1.0,93.0,373.4173278808594,528.4650268554688,1633742529.2483473,1633742551.3549805
1633742591.3494205,1.0,93.0,337.85009765625,560.5137939453125,1633742591.3494205,1633742616.946572
1633742619.3792655,1.0,93.0,289.1119384765625,568.3065185546875,1633742619.3792655,1633742648.5548162
1633742649.7550461,1.0,93.0,325.33343505859375,569.171630859375,1633742649.7550461,1633742675.789874
1633742676.8910155,1.0,93.0,276.0497741699219,556.5051879882812,1633742676.8910155,1633742707.1681654
1633742709.2291481,1.0,93.0,380.768798828125,527.6198120117188,1633742709.2291481,1633742730.4598799
1633742819.1883743,1.0,93.0,336.3370361328125,476.02093505859375,1633742819.1883743,1633742841.1306505
1633742842.3291628,1.0,93.0,330.20220947265625,548.4213256835938,1633742842.3291628,1633742867.943771
1633742869.2833214,1.0,93.0,239.07748413085938,539.6300048828125,1633742869.2833214,1633742903.535815
1633742905.5295138,1.0,93.0,278.9292907714844,561.960693359375,1633742905.5295138,1633742936.5624669
1633742939.1041257,1.0,93.0,355.0023193359375,571.4556884765625,1633742939.1041257,1633742962.5377762
1633742962.947399,1.0,93.0,337.779052734375,566.8468017578125,1633742962.947399,1633742987.9815154
1633742991.2870514,1.0,93.0,244.8006591796875,548.9580078125,1633742991.2870514,1633743024.501832
1633743027.452894,1.0,93.0,310.81060791015625,585.342041015625,1633743027.452894,1633743055.5857832
1633743056.4313853,1.0,93.0,287.0445861816406,543.9541015625,1633743056.4313853,1633743085.921578
1633743238.3072097,1.0,93.0,522.2338256835938,571.8717041015625,1633743238.3072097,1633743254.4857867
1633743283.840913,1.0,94.0,310.6082458496094,558.5556030273438,1633743283.840913,1633743311.0777934
1633743313.8861125,1.0,94.0,377.8147277832031,532.3330688476562,1633743313.8861125,1633743335.8969011
1633743339.0962386,1.0,94.0,264.92767333984375,567.0115966796875,1633743339.0962386,1633743370.5916257
1633743371.3724623,1.0,94.0,405.6744689941406,578.6929321289062,1633743371.3724623,1633743392.6999073
1633743393.3311582,1.0,94.0,317.792724609375,585.5635986328125,1633743393.3311582,1633743420.2417808
1633743422.2223225,1.0,94.0,461.33447265625,605.8492431640625,1633743422.2223225,1633743441.3537781
1633743443.3984134,1.0,94.0,309.4337463378906,541.51171875,1633743443.3984134,1633743470.321785
1633743472.6295738,1.0,94.0,517.5285034179688,580.8920288085938,1633743472.6295738,1633743489.1194878
1633743490.386961,1.0,94.0,476.0581970214844,584.5609741210938,1633743490.386961,1633743508.5759141
1633743510.5450914,1.0,94.0,418.0727844238281,586.7207641601562,1633743510.5450914,1633743531.4648936
1633743533.3003192,1.0,94.0,339.4253845214844,540.9468994140625,1633743533.3003192,1633743557.9360714
1633743559.1302962,1.0,94.0,277.6182556152344,566.9395141601562,1633743559.1302962,1633743590.273781
1633743593.625538,1.0,94.0,339.77978515625,570.96484375,1633743593.625538,1633743618.5181308
1633743868.0918572,1.0,94.0,400.6341552734375,590.9088134765625,1633743868.0918572,1633743889.922247
1633743890.9916189,1.0,94.0,369.7871398925781,537.0870971679688,1633743890.9916189,1633743913.1016352
1633743915.36489,1.0,94.0,445.6728820800781,519.544921875,1633743915.36489,1633743933.0886521
1633743934.8202412,1.0,94.0,372.3494567871094,583.2721557617188,1633743934.8202412,1633743957.7825415
1633743958.289165,1.0,94.0,373.2458801269531,570.0803833007812,1633743958.289165,1633743980.697986
1633743983.1117485,1.0,94.0,470.25616455078125,554.8594970703125,1633743983.1117485,1633744001.0976906
1633744004.1381984,1.0,94.0,409.67401123046875,593.8425903320312,1633744004.1381984,1633744025.3257768
1633744028.4902074,1.0,94.0,276.159423828125,569.6347045898438,1633744028.4902074,1633744058.5597966
1633744060.163414,1.0,94.0,456.05841064453125,576.4835815429688,1633744060.163414,1633744078.3759935
1633744079.769472,1.0,94.0,492.3974304199219,546.2000732421875,1633744079.769472,1633744096.757782
1633744098.733052,1.0,94.0,273.54443359375,545.6591186523438,1633744098.733052,1633744129.024292
1633744131.913425,1.0,94.0,428.1825256347656,545.9258422851562,1633744131.913425,1633744151.4121187
1633744154.2228117,1.0,94.0,500.6719970703125,550.5827026367188,1633744154.2228117,1633744170.5528643
1633744171.883368,1.0,94.0,420.6199035644531,558.3731689453125,1633744171.883368,1633744191.865779
1633744193.4804614,1.0,94.0,460.2773742675781,574.5432739257812,1633744193.4804614,1633744212.243061
1633744238.5854032,1.0,94.0,421.8718566894531,605.8114013671875,1633744238.5854032,1633744259.5064473
1633744261.1411884,1.0,94.0,327.4538879394531,548.2166748046875,1633744261.1411884,1633744286.680663
1633744288.4984043,1.0,94.0,272.66748046875,531.9591674804688,1633744288.4984043,1633744318.4836452
1633744320.5760634,1.0,94.0,579.2760620117188,561.2046508789062,1633744320.5760634,1633744335.4290857
1633744399.0383797,1.0,94.0,699.2857666015625,588.1442260742188,1633744399.0383797,1633744411.2479804
1633744413.2567308,1.0,94.0,532.2747192382812,563.563720703125,1633744413.2567308,1633744428.8464246
1633744431.7920105,1.0,94.0,559.994384765625,560.2374267578125,1633744431.7920105,1633744446.9564486
1633744449.0214384,1.0,94.0,416.5548400878906,531.2656860351562,1633744449.0214384,1633744468.8459582
1633744469.9452875,1.0,94.0,346.1888122558594,576.5587158203125,1633744469.9452875,1633744493.8079877
1633744494.541804,1.0,94.0,344.3775939941406,560.986328125,1633744494.541804,1633744519.0497868
1633744565.5440657,1.0,94.0,253.36474609375,584.427490234375,1633744565.5440657,1633744599.2977755
1633744600.604066,1.0,94.0,315.056396484375,536.8148803710938,1633744600.604066,1633744626.8596828
1633744628.877232,1.0,94.0,447.7186279296875,529.0628662109375,1633744628.877232,1633744647.1275332
1633744648.3462193,1.0,94.0,367.4350280761719,575.6458129882812,1633744648.3462193,1633744671.7217815
1633744674.322565,1.0,94.0,346.9893493652344,563.289306640625,1633744674.322565,1633744698.963091
1633744702.0505798,1.0,94.0,490.4373474121094,576.984375,1633744702.0505798,1633744719.1047459
1633744719.5089953,1.0,94.0,468.8349304199219,549.5420532226562,1633744719.5089953,1633744737.2657776
1633744737.851956,1.0,94.0,253.8613739013672,388.83544921875,1633744737.851956,1633744762.8537898
1633744763.8891792,1.0,94.0,479.0945129394531,582.6334838867188,1633744763.8891792,1633744781.1404722
1633744782.692683,1.0,94.0,346.7160339355469,547.447265625,1633744782.692683,1633744806.5017922
1633744965.7307773,1.0,94.0,355.9062805175781,548.6720581054688,1633744965.7307773,1633744988.9672315
1633744990.908172,1.0,94.0,400.0611877441406,584.0653686523438,1633744990.908172,1633745011.7874782
1633745012.9105647,1.0,94.0,263.4436950683594,575.4788818359375,1633745012.9105647,1633745043.9456599
1633745347.9376132,1.0,94.0,332.93768310546875,574.0338745117188,1633745347.9376132,1633745373.3537817
1633745670.0623283,1.0,94.0,357.2737731933594,532.3726196289062,1633745670.0623283,1633745693.0950859
1633745695.95971,1.0,94.0,325.11529541015625,558.0716552734375,1633745695.95971,1633745721.3137927
1633745724.2378516,1.0,94.0,469.8553161621094,559.6533813476562,1633745724.2378516,1633745742.039076
1633745743.3919945,1.0,94.0,368.1094970703125,373.2048034667969,1633745743.3919945,1633745760.541783
1633745762.775653,1.0,94.0,405.4133605957031,587.5413818359375,1633745762.775653,1633745783.8751051
1633745786.2531967,1.0,94.0,334.0293273925781,574.6044921875,1633745786.2531967,1633745811.3617702
1633745812.2572289,1.0,94.0,388.5638732910156,534.0515747070312,1633745812.2572289,1633745833.7569108
1633745835.5711868,1.0,94.0,299.3915710449219,562.2042846679688,1633745835.5711868,1633745863.3876007
1633746174.1007118,1.0,95.0,545.3895263671875,555.1295776367188,1633746174.1007118,1633746189.5612211
1633746190.967852,1.0,95.0,470.67828369140625,575.1171875,1633746190.967852,1633746208.973782
1633746212.351643,1.0,95.0,390.9842224121094,573.61962890625,1633746212.351643,1633746233.6977725
1633746234.1458025,1.0,95.0,426.6268310546875,569.1405639648438,1633746234.1458025,1633746253.3100915
1633746278.566793,1.0,96.0,508.746337890625,600.6054077148438,1633746278.566793,1633746295.545785
1633746297.0640278,1.0,96.0,373.93756103515625,576.8905029296875,1633746297.0640278,1633746319.3297763
1633746321.0274444,1.0,96.0,378.048828125,575.9552612304688,1633746321.0274444,1633746343.622409
1633746344.7653813,1.0,96.0,411.7623596191406,566.2972412109375,1633746344.7653813,1633746365.1217837
1633746365.902997,1.0,96.0,496.35113525390625,554.700927734375,1633746365.902997,1633746382.5907803
1633746383.7030811,1.0,96.0,375.3384704589844,569.273193359375,1633746383.7030811,1633746405.8377697
1633746407.0938907,1.0,96.0,372.1393127441406,568.6786499023438,1633746407.0938907,1633746429.6956413
1633746431.5747302,1.0,96.0,525.8082275390625,552.97021484375,1633746431.5747302,1633746447.285781
1633746449.1511135,1.0,96.0,491.5895080566406,536.7598876953125,1633746449.1511135,1633746465.656755
1633746467.251991,1.0,96.0,447.7262268066406,569.4100952148438,1633746467.251991,1633746485.9017808
1633746489.585584,1.0,96.0,422.05401611328125,576.9749755859375,1633746489.585584,1633746509.3697813
1633746510.1040614,1.0,96.0,387.15728759765625,590.9674072265625,1633746510.1040614,1633746531.6715236
1633746532.535612,1.0,96.0,485.6926574707031,565.4613647460938,1633746532.535612,1633746549.5257807
1633746551.0830388,1.0,96.0,460.8492431640625,574.5479125976562,1633746551.0830388,1633746568.989111
1633746756.1457784,1.0,96.0,412.63946533203125,588.5116577148438,1633746756.1457784,1633746776.5994687
1633746778.657275,1.0,96.0,306.62115478515625,551.7721557617188,1633746778.657275,1633746804.8622522
1633746806.6548643,1.0,96.0,515.8992919921875,581.2623291015625,1633746806.6548643,1633746823.018523
1633746825.3275697,1.0,96.0,636.8163452148438,543.5614624023438,1633746825.3275697,1633746838.2496629
1633746839.3984551,1.0,96.0,381.7999267578125,570.521240234375,1633746839.3984551,1633746861.0983026
1633746861.5380511,1.0,96.0,409.8131103515625,570.875244140625,1633746861.5380511,1633746881.8570695
1633746884.9115207,1.0,96.0,491.27667236328125,562.3487548828125,1633746884.9115207,1633746902.121782
1633746904.5259356,1.0,96.0,339.27923583984375,594.136474609375,1633746904.5259356,1633746929.537781
1633746929.836271,1.0,96.0,436.5664978027344,566.4945678710938,1633746929.836271,1633746948.4130514
1633746950.0481703,1.0,96.0,390.7576599121094,560.8531494140625,1633746950.0481703,1633746971.1635602
1633746972.911757,1.0,96.0,448.4735412597656,579.1188354492188,1633746972.911757,1633746991.7333803
1633746994.2484076,1.0,96.0,381.93511962890625,574.5231323242188,1633746994.2484076,1633747016.1107595
1633747017.5886881,1.0,96.0,445.0089111328125,552.5601196289062,1633747017.5886881,1633747035.4894533
1633747037.2805579,1.0,96.0,422.635009765625,582.2088623046875,1633747037.2805579,1633747057.1960866
1633747058.8430338,1.0,96.0,596.7931518554688,570.6973266601562,1633747058.8430338,1633747072.5060592
1633747074.6210551,1.0,96.0,315.5762023925781,585.9493408203125,1633747074.6210551,1633747101.0774217
1633747101.7088435,1.0,96.0,378.43353271484375,540.815185546875,1633747101.7088435,1633747122.6055112
1633747125.3051407,1.0,96.0,254.29405212402344,582.4864501953125,1633747125.3051407,1633747158.467536
1633747159.001455,1.0,96.0,263.0719909667969,269.90899658203125,1633747159.001455,1633747177.4412737
1633747181.0760438,1.0,96.0,558.3135986328125,582.0125122070312,1633747181.0760438,1633747196.7231646
1633747198.8431342,1.0,96.0,309.85028076171875,544.284423828125,1633747198.8431342,1633747224.6297808
1633747227.693731,1.0,96.0,324.4539794921875,537.1573486328125,1633747227.693731,1633747252.8991556
1633747254.5387995,1.0,96.0,490.6040954589844,563.6089477539062,1633747254.5387995,1633747271.1672788
1633747295.409745,1.0,96.0,433.2366943359375,558.3555908203125,1633747295.409745,1633747314.8817797
1633747317.4280062,1.0,96.0,397.91168212890625,537.5083618164062,1633747317.4280062,1633747337.4977863
1633747338.2004077,1.0,96.0,591.4578857421875,592.3120727539062,1633747338.2004077,1633747352.7948534
1633747355.8656657,1.0,96.0,493.8413391113281,575.9335327148438,1633747355.8656657,1633747372.7617807
1633747374.616733,1.0,96.0,393.4442138671875,538.265380859375,1633747374.616733,1633747395.0897746
1633747396.3866558,1.0,96.0,408.8355712890625,541.2778930664062,1633747396.3866558,1633747415.621772
1633747417.1424556,1.0,96.0,544.2901000976562,533.103515625,1633747417.1424556,1633747432.0076904
1633747433.9628713,1.0,96.0,336.8231201171875,572.1661987304688,1633747433.9628713,1633747458.7503614
1633747459.1280997,1.0,96.0,576.689697265625,540.2731323242188,1633747459.1280997,1633747472.7662828
1633747473.5219853,1.0,96.0,322.3659362792969,544.2308959960938,1633747473.5219853,1633747499.1264265
1633747501.0178843,1.0,96.0,302.2734375,560.4867553710938,1633747501.0178843,1633747527.7817307
1633747529.2674155,1.0,96.0,434.2117919921875,590.5247192382812,1633747529.2674155,1633747548.3663902
1633747549.9540505,1.0,96.0,392.2666320800781,562.076416015625,1633747549.9540505,1633747570.6771994
1633747641.5214672,1.0,96.0,427.8491516113281,551.1524658203125,1633747641.5214672,1633747661.093786
1633747832.1813638,1.0,96.0,394.6937561035156,587.5384521484375,1633747832.1813638,1633747853.7499847
1633747854.7509713,1.0,96.0,456.9367980957031,572.6647338867188,1633747854.7509713,1633747873.0248334
1633747874.1511967,1.0,96.0,312.5824279785156,571.9566040039062,1633747874.1511967,1633747900.7937694
1633747904.034377,1.0,96.0,506.2688293457031,560.46728515625,1633747904.034377,1633747920.7231393
1633747922.9068065,1.0,96.0,285.6899719238281,562.1311645507812,1633747922.9068065,1633747952.08179
1633747954.8290138,1.0,96.0,313.3313903808594,544.16357421875,1633747954.8290138,1633747981.2515187
1633747984.5762594,1.0,96.0,374.2156066894531,586.4478149414062,1633747984.5762594,1633748006.8896
1633748007.5760334,1.0,96.0,357.0083923339844,554.8826293945312,1633748007.5760334,1633748031.0600755
1633748032.295316,1.0,96.0,441.47076416015625,551.4705200195312,1633748032.295316,1633748050.8899782
1633748052.9941666,1.0,96.0,417.6114501953125,574.412353515625,1633748052.9941666,1633748072.7589505
1633748075.0829067,1.0,96.0,487.50469970703125,585.8890380859375,1633748075.0829067,1633748092.2560742
1633748093.9660788,1.0,96.0,497.5433654785156,533.7759399414062,1633748093.9660788,1633748110.3606296
1633748407.9418366,1.0,96.0,515.5767822265625,555.6768188476562,1633748407.9418366,1633748423.5088677
1633748424.1560776,1.0,96.0,348.6431579589844,578.4345703125,1633748424.1560776,1633748448.1003299
1633748450.645403,1.0,96.0,483.28900146484375,594.3047485351562,1633748450.645403,1633748468.2497764
1633748471.103048,1.0,96.0,425.7847595214844,574.334228515625,1633748471.103048,1633748490.9487557
1633748491.5306525,1.0,96.0,423.8074035644531,583.4324951171875,1633748491.5306525,1633748511.0937839
1633748512.4688308,1.0,96.0,644.807373046875,552.4757080078125,1633748512.4688308,1633748525.0524337
1633748526.5530179,1.0,96.0,362.921630859375,541.4777221679688,1633748526.5530179,1633748548.2298737
1633748551.322161,1.0,96.0,431.5942077636719,581.412841796875,1633748551.322161,1633748570.3956332
1633748570.971325,1.0,96.0,487.39801025390625,517.6583251953125,1633748570.971325,1633748587.0977755
1633748588.5195932,1.0,96.0,403.875732421875,531.6110229492188,1633748588.5195932,1633748607.6319072
1633748609.4839919,1.0,96.0,182.83079528808594,217.70396423339844,1633748609.4839919,1633748631.411371
1633748633.9566152,1.0,96.0,484.51873779296875,576.2230224609375,1633748633.9566152,1633748650.8744335
1633748651.4087255,1.0,96.0,503.462890625,555.5814819335938,1633748651.4087255,1633748667.7177727
1633748670.4809277,1.0,96.0,503.1458740234375,571.180908203125,1633748670.4809277,1633748686.8857133
1633748687.366619,1.0,96.0,388.8078308105469,564.7540283203125,1633748687.366619,1633748708.81166
1633748709.8445125,1.0,96.0,409.0625,556.1016845703125,1633748709.8445125,1633748729.980799
1633748730.9811966,1.0,96.0,440.4113464355469,553.6597900390625,1633748730.9811966,1633748749.9316623
1633748751.6803958,1.0,96.0,496.7784423828125,608.8280639648438,1633748751.6803958,1633748769.2777774
1633748771.3514938,1.0,96.0,336.0173034667969,567.9082641601562,1633748771.3514938,1633748796.1954515
1633748796.9080384,1.0,96.0,370.28057861328125,563.8278198242188,1633748796.9080384,1633748819.6826599
1633748821.5001152,1.0,96.0,446.95013427734375,534.6786499023438,1633748821.5001152,1633748840.0077732
1633748843.0153353,1.0,96.0,401.59375,567.8714599609375,1633748843.0153353,1633748864.2806072
1633748866.3315482,1.0,96.0,356.2743225097656,586.0079956054688,1633748866.3315482,1633748891.1017864
1633748893.2799568,1.0,96.0,228.4620819091797,577.0775756835938,1633748893.2799568,1633748930.5377812
1633748933.1704946,1.0,96.0,442.7076110839844,575.81494140625,1633748933.1704946,1633748952.2417722
1633748952.652379,1.0,96.0,306.90643310546875,571.5017700195312,1633748952.652379,1633748980.7554078
1633748982.531503,1.0,96.0,348.8496398925781,552.6712036132812,1633748982.531503,1633749006.5217822
1633749007.305352,1.0,96.0,362.7856140136719,589.5496826171875,1633749007.305352,1633749031.1017752
1633749032.491499,1.0,96.0,407.61114501953125,583.9488525390625,1633749032.491499,1633749053.2097738
1633749054.0668807,1.0,96.0,277.8662109375,583.5784912109375,1633749054.0668807,1633749084.6283507
1633749087.3245246,1.0,96.0,478.6323547363281,569.3538818359375,1633749087.3245246,1633749105.137779
1633749106.8988187,1.0,96.0,352.72528076171875,595.2374267578125,1633749106.8988187,1633749131.6432881
1633749132.936573,1.0,96.0,354.74420166015625,586.3338623046875,1633749132.936573,1633749157.297788
1633749158.9760282,1.0,96.0,547.241943359375,576.67138671875,1633749158.9760282,1633749175.0310848
1633749178.1959686,1.0,96.0,255.60577392578125,589.9931030273438,1633749178.1959686,1633749211.986286
1633749214.5341635,1.0,96.0,344.4981689453125,577.8515625,1633749214.5341635,1633749239.585094
1633749240.3366277,1.0,96.0,311.1866760253906,598.8115234375,1633749240.3366277,1633749268.3937414
1633749269.9921126,1.0,96.0,326.99652099609375,598.0809326171875,1633749269.9921126,1633749296.6988192
1633749298.6789305,1.0,96.0,479.76519775390625,579.574951171875,1633749298.6789305,1633749316.787789
1633749318.8722873,1.0,96.0,293.1103210449219,566.6983032226562,1633749318.8722873,1633749348.2195988
1633749349.310589,1.0,96.0,241.18003845214844,569.3124389648438,1633749349.310589,1633749384.3217778
1633749385.2698128,1.0,96.0,273.7143249511719,601.6634521484375,1633749385.2698128,1633749417.1497676
1633749418.625289,1.0,96.0,326.4254150390625,592.3071899414062,1633749418.625289,1633749445.3817837
1633749446.6093338,1.0,96.0,302.85491943359375,559.0017700195312,1633749446.6093338,1633749473.8137782
1633749475.275193,1.0,96.0,260.039794921875,587.4574584960938,1633749475.275193,1633749508.4547288
1633749509.5929337,1.0,96.0,416.6000671386719,556.7822875976562,1633749509.5929337,1633749530.053804
1633749532.4314673,1.0,96.0,470.92327880859375,596.8961181640625,1633749532.4314673,1633749551.139398
1633749551.7455764,1.0,96.0,350.56085205078125,554.9165649414062,1633749551.7455764,1633749575.7414098
1633749577.8667154,1.0,96.0,397.1321105957031,585.8939208984375,1633749577.8667154,1633749599.620182
1633749601.338253,1.0,96.0,242.36767578125,555.4808349609375,1633749601.338253,1633749636.953564
1633749639.4667447,1.0,96.0,334.9266052246094,558.919189453125,1633749639.4667447,1633749664.9648685
1633749693.5063903,1.0,96.0,460.2078552246094,560.9931640625,1633749693.5063903,1633749711.4200346
1633749712.8255157,1.0,96.0,615.7022705078125,569.6056518554688,1633749712.8255157,1633749726.6942313
1633749728.8689275,1.0,96.0,238.0140380859375,541.6512451171875,1633749728.8689275,1633749763.5433536
1633749765.2217174,1.0,96.0,364.6545104980469,572.3385620117188,1633749765.2217174,1633749788.3586864
1633749791.0941339,1.0,96.0,304.2864990234375,562.0296630859375,1633749791.0941339,1633749819.1137805
1633749821.3992455,1.0,96.0,417.8082275390625,542.6365966796875,1633749821.3992455,1633749841.130786
1633749841.9818451,1.0,96.0,348.5502624511719,594.6806640625,1633749841.9818451,1633749867.1059117
1633749868.3757393,1.0,96.0,372.4114685058594,524.4066162109375,1633749868.3757393,1633749890.407822
1633749892.031785,1.0,96.0,394.8434753417969,564.5618896484375,1633749892.031785,1633749913.7897744
1633749916.172953,1.0,96.0,316.1396789550781,548.0187377929688,1633749916.172953,1633749942.4777808
1633749945.448223,1.0,96.0,168.95294189453125,279.1794738769531,1633749945.448223,1633749975.2316637
1633749977.5394974,1.0,96.0,543.2030639648438,581.3671264648438,1633749977.5394974,1633749993.6034713
1633749995.050313,1.0,96.0,373.7271423339844,559.1566772460938,1633749995.050313,1633750018.0697818
1633750021.1725333,1.0,96.0,384.3893127441406,588.1614990234375,1633750021.1725333,1633750043.5196686
1633750044.7442598,1.0,96.0,309.9496765136719,587.9218139648438,1633750044.7442598,1633750072.3035712
1633750073.7124767,1.0,96.0,336.50762939453125,560.1212158203125,1633750073.7124767,1633750099.0937746
1633750101.180092,1.0,96.0,404.6186218261719,551.7666015625,1633750101.180092,1633750121.999698
1633750124.121511,1.0,96.0,457.8373107910156,557.4924926757812,1633750124.121511,1633750142.5057702
1633750145.8449044,1.0,96.0,488.2883605957031,576.1487426757812,1633750145.8449044,1633750163.332522
1633750165.0733628,1.0,96.0,382.6377258300781,585.3035888671875,1633750165.0733628,1633750187.9252648
1633750190.9001627,1.0,96.0,420.08331298828125,594.9798583984375,1633750190.9001627,1633750211.4151406
1633750268.2807603,1.0,96.0,387.9443664550781,585.9038696289062,1633750268.2807603,1633750290.474664
1633750292.9837918,1.0,96.0,384.34814453125,594.1952514648438,1633750292.9837918,1633750314.9586606
1633750317.1987207,1.0,96.0,536.08447265625,547.6428833007812,1633750317.1987207,1633750332.2299345
1633750333.7280688,1.0,96.0,459.7584228515625,590.3848876953125,1633750333.7280688,1633750351.8897803
1633750353.0196908,1.0,96.0,546.3250122070312,570.55224609375,1633750353.0196908,1633750368.301802
1633750369.9733598,1.0,96.0,507.67633056640625,553.2092895507812,1633750369.9733598,1633750386.229781
1633750387.76425,1.0,96.0,501.9775390625,584.1135864257812,1633750387.76425,1633750404.5697832
1633750407.4205217,1.0,96.0,473.0064392089844,579.9771728515625,1633750407.4205217,1633750425.274401
1633750426.1082408,1.0,96.0,361.4891052246094,574.1469116210938,1633750426.1082408,1633750448.94157
1633750451.3067732,1.0,96.0,396.54034423828125,563.49755859375,1633750451.3067732,1633750472.1218047
1633750473.2819536,1.0,96.0,373.4712829589844,591.3070068359375,1633750473.2819536,1633750496.060144
1633750497.4232943,1.0,96.0,340.65045166015625,564.035888671875,1633750497.4232943,1633750521.089782
1633750522.437264,1.0,96.0,321.6803283691406,578.7940673828125,1633750522.437264,1633750547.8786714
1633750630.9720974,1.0,96.0,710.582763671875,550.1537475585938,1633750630.9720974,1633750642.4457784
1633750788.8473628,1.0,96.0,330.0346984863281,557.4838256835938,1633750788.8473628,1633750813.2750967
1633750815.1432917,1.0,96.0,423.07794189453125,564.4602661132812,1633750815.1432917,1633750834.5817907
1633750836.1588247,1.0,96.0,406.0121154785156,605.8084716796875,1633750836.1588247,1633750857.485775
1633750860.359795,1.0,96.0,304.9002380371094,581.7526245117188,1633750860.359795,1633750887.745803
1633751180.3209343,1.0,96.0,427.5003967285156,598.0896606445312,1633751180.3209343,1633751200.9337807
1633751201.9863594,1.0,96.0,366.9673767089844,580.95263671875,1633751201.9863594,1633751224.557849
1633751225.9876814,1.0,96.0,311.2281188964844,552.0853881835938,1633751225.9876814,1633751252.4537978
1633751253.3764734,1.0,96.0,371.71856689453125,565.4790649414062,1633751253.3764734,1633751276.0011172
1633751542.4701486,1.0,96.0,296.3457336425781,541.7076416015625,1633751542.4701486,1633751570.3227522
1633751572.884037,1.0,96.0,370.6212463378906,573.955810546875,1633751572.884037,1633751596.180058
1633751599.8728328,1.0,96.0,378.0462951660156,591.1408081054688,1633751599.8728328,1633751622.1029139
1633751622.6658301,1.0,96.0,371.4447021484375,574.7084350585938,1633751622.6658301,1633751645.1321628
1633751645.5761342,1.0,96.0,453.42193603515625,551.35546875,1633751645.5761342,1633751664.1217747
1633751665.613436,1.0,96.0,351.5906066894531,568.7911987304688,1633751665.613436,1633751690.1817827
1633751692.361094,1.0,96.0,513.8922729492188,572.2232666015625,1633751692.361094,1633751708.7147157
1633751709.8265622,1.0,96.0,381.9700927734375,564.8300170898438,1633751709.8265622,1633751732.1843336
1633751733.8176908,1.0,96.0,308.20281982421875,579.645751953125,1633751733.8176908,1633751761.3417735
1633751763.2879758,1.0,96.0,477.37896728515625,551.1695556640625,1633751763.2879758,1633751780.8275006
1633751781.5001254,1.0,96.0,393.8410949707031,552.8489379882812,1633751781.5001254,1633751802.909776
1633752088.7606988,1.0,96.0,357.7405090332031,551.5895385742188,1633752088.7606988,1633752111.293791
1633752113.3794582,1.0,96.0,338.5221862792969,540.6873168945312,1633752113.3794582,1633752137.4546888
1633752138.6834805,1.0,96.0,499.5648498535156,552.5067749023438,1633752138.6834805,1633752155.1137793
1633752157.178337,1.0,96.0,430.70220947265625,527.9937744140625,1633752157.178337,1633752175.8617795
1633752178.2314403,1.0,96.0,390.5035095214844,598.8875122070312,1633752178.2314403,1633752200.2517292
1633752201.9449358,1.0,96.0,375.6734924316406,538.9003295898438,1633752201.9449358,1633752223.916143
1633752225.271278,1.0,96.0,482.934326171875,539.4559326171875,1633752225.271278,1633752242.5593426
1633752245.7293367,1.0,96.0,340.2032470703125,546.1448974609375,1633752245.7293367,1633752269.0977209
1633752270.0909734,1.0,96.0,453.1784362792969,533.3246459960938,1633752270.0909734,1633752288.0419602
1633752592.7254705,1.0,96.0,389.2200622558594,565.0946044921875,1633752592.7254705,1633752614.1786304
1633752616.9851928,1.0,96.0,323.67938232421875,527.048095703125,1633752616.9851928,1633752640.8297756
1633752641.1242206,1.0,96.0,313.0934143066406,471.8831787109375,1633752641.1242206,1633752665.1745515
1633752668.5509362,1.0,96.0,506.2507629394531,563.5775756835938,1633752668.5509362,1633752684.8017757
1633752685.3542473,1.0,96.0,570.9938354492188,545.3169555664062,1633752685.3542473,1633752699.5417912
1633752700.6415005,1.0,96.0,446.25177001953125,536.8628540039062,1633752700.6415005,1633752718.8733604
1633752722.4488811,1.0,96.0,427.7317199707031,564.2188110351562,1633752722.4488811,1633752741.1475184
1633752742.2091632,1.0,96.0,377.2191467285156,546.2335815429688,1633752742.2091632,1633752763.120085
1633752765.7356215,1.0,96.0,387.3954772949219,570.455322265625,1633752765.7356215,1633752787.1297789
1633752788.1315913,1.0,96.0,626.5675659179688,567.649658203125,1633752788.1315913,1633752801.4581673
1633752803.2447798,1.0,96.0,365.93792724609375,534.64501953125,1633752803.2447798,1633752824.6937735
1633752826.2541213,1.0,96.0,465.6262512207031,528.6890869140625,1633752826.2541213,1633752843.20978
1633752844.6098063,1.0,96.0,541.1461791992188,526.1694946289062,1633752844.6098063,1633752859.0994213
1633752860.3881674,1.0,96.0,474.5371398925781,561.62548828125,1633752860.3881674,1633752877.7756371
1633752878.5796657,1.0,96.0,497.0037536621094,597.5008544921875,1633752878.5796657,1633752895.7666583
1633752896.8259683,1.0,96.0,364.5882568359375,594.1538696289062,1633752896.8259683,1633752919.7257738
1633752921.335442,1.0,96.0,413.2177429199219,565.8257446289062,1633752921.335442,1633752941.1506605
1633752941.811569,1.0,96.0,542.37451171875,546.457275390625,1633752941.811569,1633752956.6057746
1633752957.2826304,1.0,96.0,593.6166381835938,571.0702514648438,1633752957.2826304,1633752971.4399152
1633752973.564999,1.0,96.0,582.9212646484375,542.1182861328125,1633752973.564999,1633752987.6217856
1633752989.2939346,1.0,96.0,645.4022216796875,551.5738525390625,1633752989.2939346,1633753002.0177824
1633753003.95597,1.0,96.0,365.5419616699219,535.6527099609375,1633753003.95597,1633753026.2926672
1633753193.1662407,1.0,96.0,408.44451904296875,559.8381958007812,1633753193.1662407,1633753213.609654
1633753215.2336028,1.0,96.0,439.8932800292969,458.1838684082031,1633753215.2336028,1633753231.073808
1633753231.6386545,1.0,96.0,315.2620544433594,583.3927001953125,1633753231.6386545,1633753258.0167098
1633753258.6733553,1.0,96.0,591.7173461914062,540.2127075195312,1633753258.6733553,1633753272.232194
1633753275.4034085,1.0,96.0,468.8105773925781,579.1580200195312,1633753275.4034085,1633753292.7835624
1633753293.2977977,1.0,96.0,531.1815795898438,570.1210327148438,1633753293.2977977,1633753309.0042913
1633753311.0677993,1.0,96.0,398.91424560546875,553.981689453125,1633753311.0677993,1633753331.28267
1633753331.785654,1.0,96.0,273.4325866699219,453.9150390625,1633753331.785654,1633753357.6457756
1633753358.7115645,1.0,96.0,534.3868408203125,543.9830322265625,1633753358.7115645,1633753373.9776595
1633753375.3400416,1.0,96.0,515.2102661132812,525.5001831054688,1633753375.3400416,1633753390.6017725
1633753391.8093643,1.0,96.0,529.8912963867188,571.8844604492188,1633753391.8093643,1633753407.3861444
1633753409.6778257,1.0,96.0,441.171630859375,571.3236083984375,1633753409.6778257,1633753428.1105616
1633753429.5475109,1.0,96.0,400.2056884765625,540.0352783203125,1633753429.5475109,1633753448.8325942
1633753449.3512158,1.0,96.0,468.7366638183594,566.1765747070312,1633753449.3512158,1633753466.9325163
1633753468.3831513,1.0,96.0,522.8713989257812,567.4035034179688,1633753468.3831513,1633753484.0657842
1633753485.5495725,1.0,96.0,555.7562255859375,537.114501953125,1633753485.5495725,1633753499.9461722
1633753501.0064986,1.0,96.0,494.86279296875,546.6233520507812,1633753501.0064986,1633753516.7704637
1633753518.8738356,1.0,96.0,517.9365234375,570.863037109375,1633753518.8738356,1633753534.597771
1633753536.1787937,1.0,96.0,435.6279602050781,567.8982543945312,1633753536.1787937,1633753554.9057822
1633753555.8198845,1.0,96.0,488.96826171875,526.8370971679688,1633753555.8198845,1633753571.9497654
1633753588.5630186,1.0,95.0,368.009033203125,565.3050537109375,1633753588.5630186,1633753610.4537861
1633753611.9057462,1.0,95.0,341.4649963378906,563.1181640625,1633753611.9057462,1633753635.6651356
1633753636.2513282,1.0,95.0,357.5575866699219,550.7902221679688,1633753636.2513282,1633753659.0952017
1633753660.2331407,1.0,95.0,688.3370971679688,547.7537231445312,1633753660.2331407,1633753671.8117695
1633753672.526237,1.0,95.0,330.64178466796875,237.71986389160156,1633753672.526237,1633753685.283245
1633753686.6338131,1.0,95.0,498.49176025390625,548.3240966796875,1633753686.6338131,1633753702.533775
1633753719.1323245,1.0,94.0,366.6295471191406,576.57275390625,1633753719.1323245,1633753741.3918507
1633753742.4921994,1.0,94.0,462.0823974609375,554.7750854492188,1633753742.4921994,1633753759.7228925
1633753761.251699,1.0,94.0,563.5553588867188,546.2764282226562,1633753761.251699,1633753775.2201576
1633753775.7810788,1.0,94.0,524.5491943359375,567.9437866210938,1633753775.7810788,1633753791.081836
1633753791.537541,1.0,94.0,535.625244140625,516.4175415039062,1633753791.537541,1633753806.0980937
1633753807.083776,1.0,94.0,481.3718566894531,516.4003295898438,1633753807.083776,1633753823.605307
1633753826.0183933,1.0,94.0,298.7192687988281,304.2000427246094,1633753826.0183933,1633753843.3657844
1633753845.2640035,1.0,94.0,593.7788696289062,568.06787109375,1633753845.2640035,1633753858.984599
1633753859.7469268,1.0,94.0,489.4806213378906,579.84326171875,1633753859.7469268,1633753877.0223806
1633753879.7131038,1.0,94.0,400.3784484863281,549.5174560546875,1633753879.7131038,1633753900.1337838
1633753901.661525,1.0,94.0,324.1501159667969,552.9268188476562,1633753901.661525,1633753926.6715415
1633753929.7946477,1.0,94.0,311.9686279296875,532.882080078125,1633753929.7946477,1633753954.6977932
1633753956.2488801,1.0,94.0,435.6778564453125,557.7764892578125,1633753956.2488801,1633753974.9897914
1633753975.467437,1.0,94.0,471.510498046875,535.0465087890625,1633753975.467437,1633753992.0057747
1633753993.2972398,1.0,94.0,642.8578491210938,583.0523071289062,1633753993.2972398,1633754006.062115
1633754006.8791063,1.0,94.0,489.3223571777344,531.2506103515625,1633754006.8791063,1633754023.3937824
1633754025.3951292,1.0,94.0,485.18560791015625,537.531982421875,1633754025.3951292,1633754041.512672
1633754043.3294356,1.0,94.0,402.2228088378906,546.4241943359375,1633754043.3294356,1633754063.0945997
1633754064.6910367,1.0,94.0,477.10205078125,567.9392700195312,1633754064.6910367,1633754081.7859123
1633754083.3724267,1.0,94.0,440.591064453125,539.3784790039062,1633754083.3724267,1633754101.7432032
1633754103.5920496,1.0,94.0,720.4723510742188,586.1903076171875,1633754103.5920496,1633754115.1275375
1633754116.7015703,1.0,94.0,422.3937683105469,602.0985717773438,1633754116.7015703,1633754136.6497808
1633754137.2208507,1.0,94.0,414.7646179199219,535.013916015625,1633754137.2208507,1633754156.0098207
1633754156.9038393,1.0,94.0,478.94427490234375,552.9332885742188,1633754156.9038393,1633754173.6615298
1633754175.5522616,1.0,94.0,448.7424011230469,536.1854858398438,1633754175.5522616,1633754193.6940734
1633754195.8765254,1.0,94.0,434.39483642578125,554.8590698242188,1633754195.8765254,1633754215.1308982
1633754216.3662457,1.0,94.0,490.6476745605469,542.9364013671875,1633754216.3662457,1633754233.21948
1633754234.7869046,1.0,94.0,512.033447265625,545.093994140625,1633754234.7869046,1633754251.1217754
1633754253.4161296,1.0,94.0,537.96923828125,568.34716796875,1633754253.4161296,1633754268.6697896
1633754269.600302,1.0,94.0,290.3855895996094,597.7158203125,1633754269.600302,1633754299.31252
1633754300.0503778,1.0,94.0,505.9486999511719,529.2559204101562,1633754300.0503778,1633754316.0065405
1633754318.2039537,1.0,94.0,427.15643310546875,538.3727416992188,1633754318.2039537,1633754337.1291049
1633754339.639423,1.0,94.0,328.9330139160156,534.7116088867188,1633754339.639423,1633754364.2097762
1633754367.185667,1.0,94.0,339.95611572265625,547.7737426757812,1633754367.185667,1633754390.8063633
1633754391.9179056,1.0,94.0,450.66064453125,577.9673461914062,1633754391.9179056,1633754410.364158
1633754411.0739853,1.0,94.0,356.6203918457031,552.3145141601562,1633754411.0739853,1633754433.9610677
1633754435.488836,1.0,94.0,449.15582275390625,532.7464599609375,1633754435.488836,1633754453.8432677
1633754455.3780859,1.0,94.0,453.5297546386719,544.4608154296875,1633754455.3780859,1633754472.8697712
1633754475.6258504,1.0,94.0,538.4804077148438,582.9147338867188,1633754475.6258504,1633754491.1510203
1633754492.8156028,1.0,94.0,376.5964660644531,557.8984985351562,1633754492.8156028,1633754514.5417764
1633754516.6003377,1.0,94.0,427.3554992675781,539.3550415039062,1633754516.6003377,1633754535.4909337
1633754537.5700028,1.0,94.0,367.97613525390625,562.885986328125,1633754537.5700028,1633754559.7888358
1633754561.3365748,1.0,94.0,553.2964477539062,542.4749145507812,1633754561.3365748,1633754575.6760843
1633754576.0102828,1.0,94.0,313.8699035644531,532.825927734375,1633754576.0102828,1633754601.077993
1633754603.640957,1.0,94.0,389.3785400390625,543.4440307617188,1633754603.640957,1633754624.5178142
1633754627.2048526,1.0,94.0,535.2889404296875,520.6028442382812,1633754627.2048526,1633754641.744664
1633754642.8138208,1.0,94.0,353.8617858886719,554.7550048828125,1633754642.8138208,1633754665.6475937
1633754667.446008,1.0,94.0,283.61224365234375,537.9315795898438,1633754667.446008,1633754695.5759656
1633754698.6812866,1.0,94.0,610.2783203125,556.4088134765625,1633754698.6812866,1633754712.0260172
1633754712.9905322,1.0,94.0,389.6984558105469,505.3184509277344,1633754712.9905322,1633754733.1137838
1633754735.4686522,1.0,94.0,340.54046630859375,518.3936157226562,1633754735.4686522,1633754758.4497685
1633754760.4582543,1.0,94.0,389.3846130371094,549.3352661132812,1633754760.4582543,1633754781.0754018
1633754783.526466,1.0,94.0,545.9511108398438,529.2660522460938,1633754783.526466,1633754797.7786577
1633754798.3227253,1.0,94.0,626.1651000976562,567.4739990234375,1633754798.3227253,1633754811.1548038
1633754811.6864817,1.0,94.0,511.8851623535156,559.708251953125,1633754811.6864817,1633754827.2817764
1633754828.319459,1.0,94.0,356.10479736328125,596.421142578125,1633754828.319459,1633754852.7897837
1633754853.9401944,1.0,94.0,725.2203369140625,511.8978271484375,1633754853.9401944,1633754864.662453
1633754867.1186993,1.0,94.0,509.0668029785156,552.118408203125,1633754867.1186993,1633754883.1617806
1633754883.8930042,1.0,94.0,396.86456298828125,519.2445068359375,1633754883.8930042,1633754903.988021
1633754905.5779963,1.0,94.0,448.306884765625,560.6982421875,1633754905.5779963,1633754923.6058261
1633754924.0788684,1.0,94.0,406.94976806640625,546.0133056640625,1633754924.0788684,1633754944.0420206
1633754945.2687616,1.0,94.0,697.6928100585938,599.5123291015625,1633754945.2687616,1633754957.0920167
1633754957.618716,1.0,94.0,487.5849914550781,542.0335693359375,1633754957.618716,1633754974.7377827
1633754976.8014703,1.0,94.0,473.8133850097656,545.0231323242188,1633754976.8014703,1633754993.647765
1633754995.0962877,1.0,94.0,336.7120056152344,565.377685546875,1633754995.0962877,1633755019.0960264
1633755020.059409,1.0,94.0,366.8511962890625,547.5947875976562,1633755020.059409,1633755041.6948833
1633755043.286876,1.0,94.0,512.4456176757812,549.67529296875,1633755043.286876,1633755058.8748708
1633755059.5279982,1.0,94.0,440.8747253417969,549.4991455078125,1633755059.5279982,1633755077.6465244
1633755080.198488,1.0,94.0,465.87750244140625,549.8546752929688,1633755080.198488,1633755097.0977798
1633755097.8001475,1.0,94.0,546.4503173828125,530.3749389648438,1633755097.8001475,1633755112.7017772
1633755114.8677006,1.0,94.0,556.5324096679688,573.036865234375,1633755114.8677006,1633755130.0617836
1633755131.344227,1.0,94.0,348.292236328125,538.0902709960938,1633755131.344227,1633755154.557493
1633755155.7505767,1.0,94.0,370.3682556152344,540.6776123046875,1633755155.7505767,1633755177.5613005
1633755179.129946,1.0,94.0,360.35107421875,581.8998413085938,1633755179.129946,1633755202.3017933
1633755204.649445,1.0,94.0,433.8630065917969,545.28369140625,1633755204.649445,1633755223.6162615
1633755226.210611,1.0,94.0,533.8389892578125,548.060546875,1633755226.210611,1633755241.173925
1633755241.6857984,1.0,94.0,335.2328796386719,563.9923095703125,1633755241.6857984,1633755265.51401
1633755266.7852652,1.0,94.0,494.4505310058594,520.2100830078125,1633755266.7852652,1633755282.6897888
1633755308.5823274,1.0,93.0,448.6351013183594,534.6860961914062,1633755308.5823274,1633755326.721791
1633755327.2939768,1.0,93.0,568.7407836914062,554.85302734375,1633755327.2939768,1633755342.133778
1633755363.090968,1.0,93.0,406.7231140136719,532.8240356445312,1633755363.090968,1633755383.151298
1633755385.2716274,1.0,93.0,385.3600158691406,547.1365966796875,1633755385.2716274,1633755405.7537727
1633755407.7164922,1.0,93.0,327.01507568359375,556.0079956054688,1633755407.7164922,1633755432.4492958
1633755433.2990832,1.0,93.0,184.5980224609375,239.83773803710938,1633755433.2990832,1633755456.3708372
1633755458.1669164,1.0,93.0,579.0026245117188,518.8173217773438,1633755458.1669164,1633755471.7920706
1633755513.40991,1.0,93.0,517.8851928710938,541.391845703125,1633755513.40991,1633755529.208778
1633755530.8523734,1.0,93.0,458.63067626953125,561.383056640625,1633755530.8523734,1633755548.87777
1633755550.8536882,1.0,93.0,465.8539733886719,547.8658447265625,1633755550.8536882,1633755568.1337807
1633755568.443917,1.0,93.0,497.1484375,543.1986694335938,1633755568.443917,1633755584.9017785
1633755586.377402,1.0,93.0,212.64617919921875,536.9797973632812,1633755586.377402,1633755623.1050782
1633755704.7367618,1.0,93.0,448.0850830078125,565.9429931640625,1633755704.7367618,1633755723.3448348
1633755724.6991463,1.0,93.0,545.9783325195312,541.776123046875,1633755724.6991463,1633755739.8297834
1633755757.057061,1.0,94.0,437.6982421875,562.935302734375,1633755757.057061,1633755775.649779
1633755937.560655,1.0,94.0,419.6684875488281,569.6572265625,1633755937.560655,1633755956.6137896
1633755956.951954,1.0,94.0,503.60418701171875,539.8804321289062,1633755956.951954,1633755973.2504685
1633756265.1812255,1.0,94.0,578.0512084960938,555.9208374023438,1633756265.1812255,1633756278.9706614
1633756296.5893373,1.0,94.0,630.1488647460938,529.70068359375,1633756296.5893373,1633756308.865802
1633756309.4972224,1.0,94.0,604.624267578125,527.4259033203125,1633756309.4972224,1633756322.4589918
1633756324.4328108,1.0,94.0,460.0757751464844,532.20849609375,1633756324.4328108,1633756341.777779
1633756342.4040537,1.0,94.0,535.1027221679688,543.0988159179688,1633756342.4040537,1633756357.1563609
1633756357.9479115,1.0,94.0,415.6873779296875,521.9541625976562,1633756357.9479115,1633756377.1017282
1633756379.5963745,1.0,94.0,343.8521423339844,567.80322265625,1633756379.5963745,1633756403.2984219
1633756404.442426,1.0,94.0,549.5385131835938,543.5687866210938,1633756404.442426,1633756419.2657728
1633756422.0567508,1.0,94.0,597.0977783203125,549.868896484375,1633756422.0567508,1633756435.9070785
1633756437.620172,1.0,94.0,559.1808471679688,550.8417358398438,1633756437.620172,1633756452.2147348
1633756453.9469545,1.0,94.0,392.8038024902344,566.7567138671875,1633756453.9469545,1633756474.697772
1633756475.212959,1.0,94.0,485.55853271484375,538.18359375,1633756475.212959,1633756491.92979
1633756493.124813,1.0,94.0,377.0602111816406,544.58056640625,1633756493.124813,1633756515.0337806
1633756515.9271593,1.0,94.0,538.5224609375,572.5696411132812,1633756515.9271593,1633756531.2524261
1633756531.6053386,1.0,94.0,441.0420837402344,554.7137451171875,1633756531.6053386,1633756549.6897812
1633756551.2459779,1.0,94.0,579.6536254882812,559.0831909179688,1633756551.2459779,1633756565.3078234
1633756565.63817,1.0,94.0,271.0513610839844,239.4424285888672,1633756565.63817,1633756581.4137774
1633756582.1597261,1.0,94.0,647.8778686523438,544.9025268554688,1633756582.1597261,1633756594.4737759
1633756596.2696476,1.0,94.0,534.3087768554688,552.7786254882812,1633756596.2696476,1633756611.277823
1633756612.3987896,1.0,94.0,449.4571838378906,579.4759521484375,1633756612.3987896,1633756630.9878793
1633756632.7772882,1.0,94.0,583.5863647460938,541.1968994140625,1633756632.7772882,1633756646.1497738
1633756647.5114388,1.0,94.0,464.1145324707031,523.9417114257812,1633756647.5114388,1633756664.3197901
1633756666.2102861,1.0,94.0,414.51849365234375,556.3380126953125,1633756666.2102861,1633756685.8788903
1633756686.8908114,1.0,94.0,418.0476989746094,488.8849792480469,1633756686.8908114,1633756705.2858422
1633756706.3289907,1.0,94.0,617.63330078125,550.745849609375,1633756706.3289907,1633756719.5730946
1633756721.42967,1.0,94.0,396.6939392089844,571.9595336914062,1633756721.42967,1633756742.216476
1633756743.472721,1.0,94.0,398.53936767578125,539.6028442382812,1633756743.472721,1633756763.1320093
1633756763.575223,1.0,94.0,466.2431640625,529.3512573242188,1633756763.575223,1633756780.4097862
1633756783.1308224,1.0,94.0,735.0698852539062,525.38623046875,1633756783.1308224,1633756793.9746892
1633756796.4022033,1.0,94.0,329.04913330078125,283.7615661621094,1633756796.4022033,1633756811.6765187
1633756813.6398337,1.0,94.0,464.27996826171875,527.3131103515625,1633756813.6398337,1633756830.4658875
1633756831.3067217,1.0,94.0,408.2410583496094,555.1777954101562,1633756831.3067217,1633756851.167536
1633756852.0435357,1.0,94.0,415.11083984375,524.6634521484375,1633756852.0435357,1633756871.0697792
1633756872.315753,1.0,94.0,411.3318786621094,541.269287109375,1633756872.315753,1633756891.8838933
1633756892.798817,1.0,94.0,480.2821044921875,549.5765380859375,1633756892.798817,1633756909.6097705
1633756910.071522,1.0,94.0,496.3534851074219,506.210693359375,1633756910.071522,1633756925.1293392
1633756925.709715,1.0,94.0,526.7178344726562,539.8190307617188,1633756925.709715,1633756940.5070121
1633756941.5284555,1.0,94.0,451.0731201171875,538.0880126953125,1633756941.5284555,1633756958.907013
1633756959.813546,1.0,94.0,684.3134765625,532.7467651367188,1633756959.813546,1633756971.0817738
1633756972.5255306,1.0,94.0,654.743896484375,552.738525390625,1633756972.5255306,1633756984.722666
1633756985.1260495,1.0,94.0,463.765869140625,546.2410888671875,1633756985.1260495,1633757002.7146661
1633757005.232575,1.0,94.0,486.7391357421875,545.2513427734375,1633757005.232575,1633757021.421945
1633757021.929098,1.0,94.0,444.2447509765625,565.8668212890625,1633757021.929098,1633757040.121772
1633757041.8246593,1.0,94.0,376.0850830078125,548.4115600585938,1633757041.8246593,1633757063.5537853
1633757065.3725069,1.0,94.0,537.5484008789062,585.9276123046875,1633757065.3725069,1633757081.0492353
1633757082.1859312,1.0,94.0,546.049560546875,564.6824340820312,1633757082.1859312,1633757097.5013916
1633757099.182676,1.0,94.0,414.92193603515625,552.0856323242188,1633757099.182676,1633757119.0828054
1633757121.2476535,1.0,94.0,472.7257385253906,568.274169921875,1633757121.2476535,1633757138.5430937
1633757138.9559867,1.0,94.0,423.61602783203125,538.0811157226562,1633757138.9559867,1633757158.1219282
1633757158.9694357,1.0,94.0,248.37109375,323.4074401855469,1633757158.9694357,1633757181.1217725
1633757182.550552,1.0,94.0,539.3653564453125,541.2869262695312,1633757182.550552,1633757197.5385363
1633757199.1076474,1.0,94.0,491.46832275390625,559.3212280273438,1633757199.1076474,1633757215.698747
1633757217.7815797,1.0,94.0,390.84130859375,570.0692138671875,1633757217.7815797,1633757238.6468258
1633757239.7717288,1.0,94.0,360.96173095703125,523.5435791015625,1633757239.7717288,1633757262.0760314
1633757263.770126,1.0,94.0,417.5130615234375,544.4983520507812,1633757263.770126,1633757283.2377808
1633757284.4455462,1.0,94.0,539.0940551757812,564.281982421875,1633757284.4455462,1633757300.3017776
1633757301.922687,1.0,94.0,390.14801025390625,573.6670532226562,1633757301.922687,1633757323.099265
1633757323.966531,1.0,94.0,469.5887451171875,550.5088500976562,1633757323.966531,1633757341.1709473
1633757341.6123116,1.0,94.0,468.78179931640625,552.5609741210938,1633757341.6123116,1633757359.2537813
1633757360.265738,1.0,94.0,472.7545471191406,546.5503540039062,1633757360.265738,1633757377.5537791
1633757378.7371323,1.0,94.0,517.6185302734375,552.0279541015625,1633757378.7371323,1633757394.7276728
1633757395.7025962,1.0,94.0,445.3487243652344,560.29931640625,1633757395.7025962,1633757414.69221
1633757416.675288,1.0,94.0,379.29486083984375,539.7152099609375,1633757416.675288,1633757437.7327847
1633757438.5809162,1.0,94.0,661.5227661132812,543.6997680664062,1633757438.5809162,1633757450.767949
1633757451.7558508,1.0,94.0,610.9026489257812,532.4371948242188,1633757451.7558508,1633757464.8577752
1633757466.708221,1.0,94.0,384.076904296875,532.9990234375,1633757466.708221,1633757487.2457747
1633757489.274165,1.0,94.0,632.20166015625,571.9363403320312,1633757489.274165,1633757502.3554342
1633757503.8470793,1.0,94.0,675.1784057617188,539.8892211914062,1633757503.8470793,1633757515.5017772
1633757516.3456066,1.0,94.0,632.0640258789062,542.9999389648438,1633757516.3456066,1633757529.1417792
1633757531.262252,1.0,94.0,423.7369384765625,540.8748779296875,1633757531.262252,1633757550.7389581
1633757571.1955438,1.0,94.0,378.59539794921875,555.970947265625,1633757571.1955438,1633757592.5085332
1633757594.1001823,1.0,94.0,528.8563842773438,527.8983764648438,1633757594.1001823,1633757608.8697877
1633757609.5811813,1.0,94.0,501.2129821777344,553.94287109375,1633757609.5811813,1633757625.8217826
1633757626.4756444,1.0,94.0,399.3432922363281,564.4304809570312,1633757626.4756444,1633757646.6537724
1633757647.9229193,1.0,94.0,636.7330932617188,553.75634765625,1633757647.9229193,1633757660.526316
1633757661.235472,1.0,94.0,546.5718994140625,541.5344848632812,1633757661.235472,1633757676.1337862
1633757677.3050718,1.0,94.0,421.54058837890625,529.382080078125,1633757677.3050718,1633757696.3257792
1633757698.6588645,1.0,94.0,449.06396484375,546.43310546875,1633757698.6588645,1633757716.3645833
1633757717.2947888,1.0,94.0,595.015625,554.3189086914062,1633757717.2947888,1633757731.297782
1633757732.5890446,1.0,94.0,596.6493530273438,559.6919555664062,1633757732.5890446,1633757746.4497817
1633757747.758595,1.0,94.0,398.0156555175781,545.1937255859375,1633757747.758595,1633757767.499025
1633757768.4028547,1.0,94.0,563.594482421875,541.1000366210938,1633757768.4028547,1633757782.7181118
1633757783.6829472,1.0,94.0,529.1358642578125,568.0975341796875,1633757783.6829472,1633757799.055181
1633757801.2456799,1.0,94.0,353.2882995605469,560.8145751953125,1633757801.2456799,1633757824.0316024
1633757824.6301367,1.0,94.0,447.8307800292969,559.8054809570312,1633757824.6301367,1633757842.6771324
1633757843.7276647,1.0,94.0,481.0671691894531,576.2105102539062,1633757843.7276647,1633757861.1140103
1633757862.2269897,1.0,94.0,431.616943359375,553.1912231445312,1633757862.2269897,1633757880.866202
1633757881.1427774,1.0,94.0,416.306884765625,475.04937744140625,1633757881.1427774,1633757899.1991682
1633757901.239621,1.0,94.0,568.7937622070312,557.2498779296875,1633757901.239621,1633757915.657853
1633757916.78012,1.0,94.0,551.1685180664062,525.6763916015625,1633757916.78012,1633757931.4017825
1633757932.2836454,1.0,94.0,523.3613891601562,556.350341796875,1633757932.2836454,1633757947.72613
1633757977.5267777,1.0,94.0,571.5595092773438,533.6716918945312,1633757977.5267777,1633757991.411596
1633757992.3167877,1.0,94.0,475.0218200683594,545.7493286132812,1633757992.3167877,1633758009.4907353
1633758010.649136,1.0,94.0,733.0777587890625,517.9193115234375,1633758010.649136,1633758021.4065216
1633758023.3823411,1.0,94.0,461.15618896484375,557.0001220703125,1633758023.3823411,1633758041.3827498
1633758042.393745,1.0,94.0,457.52874755859375,576.92822265625,1633758042.393745,1633758060.641779
1633758062.4265504,1.0,94.0,440.9376220703125,563.7996826171875,1633758062.4265504,1633758081.4337738
1633758152.6106536,1.0,94.0,400.41314697265625,562.0706787109375,1633758152.6106536,1633758173.2518342
1633758174.955589,1.0,94.0,345.18414306640625,562.3145751953125,1633758174.955589,1633758198.6038368
1633758199.7085264,1.0,94.0,599.5125732421875,535.9071655273438,1633758199.7085264,1633758213.1577857
1633758213.959038,1.0,94.0,417.2682189941406,535.551025390625,1633758213.959038,1633758233.1217718
1633758234.926618,1.0,94.0,547.6180419921875,530.9315185546875,1633758234.926618,1633758249.341775
1633758250.7347505,1.0,94.0,231.0646209716797,225.88909912109375,1633758250.7347505,1633758268.5609326
1633758271.1512632,1.0,94.0,621.8756103515625,534.280029296875,1633758271.1512632,1633758284.1377828
1633758285.824707,1.0,94.0,462.05499267578125,520.8243408203125,1633758285.824707,1633758302.8897753
1633758305.408826,1.0,94.0,301.0425720214844,446.87725830078125,1633758305.408826,1633758329.063287
1633758331.141557,1.0,94.0,460.759033203125,530.8914184570312,1633758331.141557,1633758348.6800084
1633758351.1108367,1.0,94.0,635.0397338867188,525.9132080078125,1633758351.1108367,1633758363.9257834
1633758366.00957,1.0,94.0,391.9417419433594,566.7686767578125,1633758366.00957,1633758386.6070185
1633758388.0589366,1.0,94.0,603.0991821289062,569.3101196289062,1633758388.0589366,1633758401.7697828
1633758403.5215049,1.0,94.0,452.7230224609375,545.4066162109375,1633758403.5215049,1633758421.3977768
1633758573.2396667,1.0,94.0,428.57623291015625,521.564697265625,1633758573.2396667,1633758591.9737902
1633758593.3377101,1.0,94.0,580.8883056640625,541.7807006835938,1633758593.3377101,1633758607.393769
1633758608.811969,1.0,94.0,357.6314392089844,516.12353515625,1633758608.811969,1633758630.585781
1633758631.8432038,1.0,94.0,497.5628967285156,563.57275390625,1633758631.8432038,1633758648.3737774
1633758649.1332917,1.0,94.0,576.77490234375,555.9424438476562,1633758649.1332917,1633758663.0919437
1633758663.7168772,1.0,94.0,482.6512756347656,551.315673828125,1633758663.7168772,1633758680.7540226
1633758681.531929,1.0,94.0,468.427978515625,540.69873046875,1633758681.531929,1633758698.9817832
1633758700.0496516,1.0,94.0,539.9494018554688,588.1520385742188,1633758700.0496516,1633758715.617777
1633758716.6214314,1.0,94.0,535.5189208984375,550.2447509765625,1633758716.6214314,1633758732.236193
1633758735.023045,1.0,94.0,515.2481079101562,530.4967651367188,1633758735.023045,1633758750.5456648
1633758751.4100125,1.0,94.0,550.9000244140625,570.0498657226562,1633758751.4100125,1633758766.4018428
1633758767.282279,1.0,94.0,510.5472106933594,529.7415771484375,1633758767.282279,1633758783.0966835
1633758784.7259703,1.0,94.0,516.8860473632812,559.1809692382812,1633758784.7259703,1633758800.5399
1633758801.20462,1.0,94.0,424.8582458496094,540.8145141601562,1633758801.20462,1633758820.1897755
1633759114.046244,1.0,94.0,548.091064453125,551.687255859375,1633759114.046244,1633759129.2645173
1633759131.0445578,1.0,94.0,564.4741821289062,550.3287963867188,1633759131.0445578,1633759145.257786
1633759146.7132845,1.0,94.0,572.0173950195312,594.8675537109375,1633759146.7132845,1633759161.4978
1633759162.3986146,1.0,94.0,562.1788940429688,539.6229248046875,1633759162.3986146,1633759176.210944
1633759176.9126053,1.0,94.0,389.4721374511719,584.3616943359375,1633759176.9126053,1633759198.2337716
1633759199.5951166,1.0,94.0,737.7404174804688,516.3065185546875,1633759199.5951166,1633759210.117788
1633759211.8214495,1.0,94.0,593.503173828125,589.835205078125,1633759211.8214495,1633759225.7657733
1633759227.3278964,1.0,94.0,543.389892578125,548.2574462890625,1633759227.3278964,1633759242.009803
1633759243.725439,1.0,94.0,416.0054626464844,530.5393676757812,1633759243.725439,1633759263.1097994
1633759264.639731,1.0,94.0,613.2386474609375,558.6756591796875,1633759264.639731,1633759278.0945249
1633759279.6179843,1.0,94.0,533.037353515625,519.1520385742188,1633759279.6179843,1633759294.3205192
1633759613.731646,1.0,94.0,520.5924072265625,538.4923095703125,1633759613.731646,1633759628.8144627
1633759629.471497,1.0,94.0,561.0113525390625,526.0858154296875,1633759629.471497,1633759643.831278
1633759645.9778671,1.0,94.0,505.3371887207031,540.6224975585938,1633759645.9778671,1633759661.5377746
1633759662.435864,1.0,94.0,583.5372314453125,563.4658203125,1633759662.435864,1633759676.6080534
1633759677.9084797,1.0,94.0,423.7322082519531,525.6380615234375,1633759677.9084797,1633759695.853776
1633759696.3830853,1.0,94.0,575.653564453125,521.62353515625,1633759696.3830853,1633759709.9641707
1633759712.7834196,1.0,94.0,562.7400512695312,551.1625366210938,1633759712.7834196,1633759727.5646672
1633759729.057489,1.0,94.0,690.0245971679688,542.5609130859375,1633759729.057489,1633759740.4194028
1633759740.9160495,1.0,94.0,585.946533203125,545.1556396484375,1633759740.9160495,1633759754.2193115
1633759754.9671354,1.0,94.0,536.2037963867188,525.1753540039062,1633759754.9671354,1633759769.2937775
1633759770.070817,1.0,94.0,452.32440185546875,526.6550903320312,1633759770.070817,1633759787.4079316
1633759789.0654554,1.0,94.0,517.7145385742188,492.654052734375,1633759789.0654554,1633759803.776265
1633759806.0023766,1.0,94.0,538.3560180664062,568.9768676757812,1633759806.0023766,1633759821.4196842
1633759823.4315572,1.0,94.0,437.1153869628906,562.8757934570312,1633759823.4315572,1633759841.9163795
1633759842.4840367,1.0,94.0,547.7981567382812,511.44598388671875,1633759842.4840367,1633759856.5457854
1633759858.4841273,1.0,94.0,595.9070434570312,573.3357543945312,1633759858.4841273,1633759872.2060657
1633759873.0406196,1.0,94.0,632.0713500976562,558.7376708984375,1633759873.0406196,1633759885.8255687
1633759886.53794,1.0,94.0,497.07757568359375,514.0619506835938,1633759886.53794,1633759902.2497733
1633759904.8771336,1.0,94.0,673.3724365234375,555.0786743164062,1633759904.8771336,1633759916.6937737
1633759917.2019112,1.0,94.0,687.552734375,522.0400390625,1633759917.2019112,1633759928.2817886
1633759929.335331,1.0,94.0,496.2022705078125,530.3515625,1633759929.335331,1633759944.929778
1633759945.409942,1.0,94.0,509.7698669433594,471.47906494140625,1633759945.409942,1633759959.6457777
1633759961.0628223,1.0,94.0,627.865478515625,521.767822265625,1633759961.0628223,1633759973.1577702
1633759973.7845414,1.0,94.0,637.5414428710938,560.78076171875,1633759973.7845414,1633759986.3907812
1633760006.0864372,1.0,93.0,422.7091979980469,517.765380859375,1633760006.0864372,1633760024.7777743
1633760025.9061267,1.0,93.0,521.1190795898438,559.1544189453125,1633760025.9061267,1633760041.1137831
1633760041.6336439,1.0,93.0,431.1594543457031,554.40966796875,1633760041.6336439,1633760060.2578444
1633760061.5012052,1.0,93.0,324.15863037109375,554.7780151367188,1633760061.5012052,1633760086.2545176
1633760087.7873466,1.0,93.0,457.7010498046875,542.8411865234375,1633760087.7873466,1633760105.0977726
1633760105.7335596,1.0,93.0,632.6504516601562,542.355712890625,1633760105.7335596,1633760118.5257742
1633760119.321531,1.0,93.0,625.0225830078125,532.6630859375,1633760119.321531,1633760131.6634853
1633760219.7286913,1.0,92.0,591.2206420898438,537.7285766601562,1633760219.7286913,1633760233.2447953
1633760235.9853497,1.0,92.0,449.4892883300781,545.1453857421875,1633760235.9853497,1633760253.9857786
1633760254.5917716,1.0,92.0,834.00146484375,615.9474487304688,1633760254.5917716,1633760264.8363578
1633760265.169275,1.0,92.0,540.857177734375,520.274658203125,1633760265.169275,1633760279.587129
1633760280.2723598,1.0,92.0,482.5381774902344,548.8253784179688,1633760280.2723598,1633760296.7808983
1633760297.2907934,1.0,92.0,465.54461669921875,550.985595703125,1633760297.2907934,1633760314.4577835
1633760315.981999,1.0,92.0,507.5256042480469,552.6166381835938,1633760315.981999,1633760332.473778
1633760333.692826,1.0,92.0,586.7703247070312,528.72021484375,1633760333.692826,1633760347.009791
1633760348.4176426,1.0,92.0,371.0479431152344,568.4277954101562,1633760348.4176426,1633760370.6977825
1633760371.637041,1.0,92.0,422.9081726074219,515.7175903320312,1633760371.637041,1633760390.3314066
1633760391.3246663,1.0,92.0,445.85443115234375,534.2021484375,1633760391.3246663,1633760409.1017685
1633760428.166499,1.0,92.0,564.5591430664062,556.2670288085938,1633760428.166499,1633760442.4572964
1633760443.9883451,1.0,92.0,474.84173583984375,538.830322265625,1633760443.9883451,1633760461.2025023
1633760462.8818836,1.0,92.0,436.2750549316406,529.078369140625,1633760462.8818836,1633760481.37022
1633760483.2241135,1.0,92.0,324.3472595214844,529.1779174804688,1633760483.2241135,1633760507.2446656
1633760508.0153723,1.0,92.0,531.2631225585938,542.1600952148438,1633760508.0153723,1633760523.2093492
1633760542.0235274,1.0,92.0,386.1213073730469,526.4392700195312,1633760542.0235274,1633760562.493778
1633760564.7275186,1.0,92.0,539.3268432617188,541.1814575195312,1633760564.7275186,1633760579.570096
1633760580.6750078,1.0,92.0,490.6172790527344,527.0457153320312,1633760580.6750078,1633760597.0890245
1633760598.4526596,1.0,92.0,431.7389221191406,541.9790649414062,1633760598.4526596,1633760616.792447
1633760650.9541163,1.0,92.0,310.6018981933594,546.5250244140625,1633760650.9541163,1633760676.713778
1633760677.923174,1.0,92.0,622.0814208984375,562.3474731445312,1633760677.923174,1633760691.2140388
1633760691.77735,1.0,92.0,418.2572326660156,505.6337585449219,1633760691.77735,1633760710.201419
1633760711.6307118,1.0,92.0,474.358642578125,389.0135498046875,1633760711.6307118,1633760725.1647751
1633760726.3238451,1.0,92.0,750.1236572265625,567.151123046875,1633760726.3238451,1633760737.3646917
1633760738.3341267,1.0,92.0,380.0971374511719,540.7364501953125,1633760738.3341267,1633760759.8628342
1633760761.2362254,1.0,92.0,370.8282165527344,551.3580932617188,1633760761.2362254,1633760783.278777
1633760784.8678963,1.0,92.0,490.2985534667969,525.67626953125,1633760784.8678963,1633760800.7051857
1633760801.2874398,1.0,92.0,381.5279235839844,496.4789733886719,1633760801.2874398,1633760821.3750918
1633760823.6006525,1.0,92.0,406.3525390625,530.1572875976562,1633760823.6006525,1633760842.9040885
1633760843.9235997,1.0,92.0,470.7979431152344,536.1339111328125,1633760843.9235997,1633760861.1857827
1633760862.5509975,1.0,92.0,622.7601928710938,538.3827514648438,1633760862.5509975,1633760875.3938217
1633760876.7122579,1.0,92.0,392.79913330078125,531.1868896484375,1633760876.7122579,1633760896.8497763
1633760897.6563957,1.0,92.0,592.3099975585938,493.7132568359375,1633760897.6563957,1633760910.745825
1633760912.035511,1.0,92.0,542.0553588867188,523.5535888671875,1633760912.035511,1633760926.441789
1633761018.0997036,1.0,92.0,425.0967712402344,570.5089721679688,1633761018.0997036,1633761037.648194
1633761038.870941,1.0,92.0,570.80419921875,527.0426635742188,1633761038.870941,1633761052.677777
1633761075.1445181,1.0,93.0,443.6151428222656,540.1695556640625,1633761075.1445181,1633761093.3697758
1633761094.1298509,1.0,93.0,399.1043701171875,533.6137084960938,1633761094.1298509,1633761113.75379
1633761114.46738,1.0,93.0,433.33740234375,536.8160400390625,1633761114.46738,1633761133.09259
1633761134.232828,1.0,93.0,448.09356689453125,552.278564453125,1633761134.232828,1633761151.992512
1633761152.4401948,1.0,93.0,517.3388671875,514.7666625976562,1633761152.4401948,1633761167.7164485
1633761171.241214,1.0,93.0,510.54083251953125,542.219482421875,1633761171.241214,1633761186.7718036
1633761188.4187279,1.0,93.0,532.2246704101562,554.9915161132812,1633761188.4187279,1633761203.664169
1633761204.3963954,1.0,93.0,496.03228759765625,559.062255859375,1633761204.3963954,1633761220.7017856
1633761221.6424375,1.0,93.0,650.6943359375,555.0684204101562,1633761221.6424375,1633761234.0737736
1633761235.6742637,1.0,93.0,503.9668273925781,553.3093872070312,1633761235.6742637,1633761251.3657727
1633761251.8839717,1.0,93.0,590.78173828125,520.0361938476562,1633761251.8839717,1633761265.2577775
1633761686.5338311,1.0,93.0,143.23040771484375,586.5272827148438,1633761686.5338311,1633761747.5543938
1633761750.1821473,1.0,93.0,216.5472869873047,600.34033203125,1633761750.1821473,1633761791.4017816
1633761793.3982859,1.0,93.0,239.85507202148438,592.3464965820312,1633761793.3982859,1633761830.6374402
1633761833.0519855,1.0,93.0,269.702880859375,546.2864990234375,1633761833.0519855,1633761865.1057765
1633761868.1669993,1.0,93.0,119.07123565673828,555.4725341796875,1633761868.1669993,1633761941.5768378
1633762000.2763798,1.0,94.0,186.6400146484375,553.8392333984375,1633762000.2763798,1633762047.0937803
1633762289.9348545,1.0,96.0,263.1570129394531,570.8649291992188,1633762289.9348545,1633762323.0899656
1633762325.7552593,1.0,96.0,187.25601196289062,579.3615112304688,1633762325.7552593,1633762371.87928
1633762399.4664328,1.0,97.0,133.69715881347656,600.2060546875,1633762399.4664328,1633762466.2217813
1633762468.021007,1.0,97.0,347.9684753417969,602.4999389648438,1633762468.021007,1633762494.241773
1633762546.1388693,1.0,98.0,190.9849090576172,615.3572998046875,1633762546.1388693,1633762593.4200928
1633762689.332369,1.0,99.0,198.73834228515625,595.4046630859375,1633762689.332369,1633762735.6948354
1633762738.4782407,1.0,99.0,175.06744384765625,595.5162353515625,1633762738.4782407,1633762791.0922494
1633762853.7406762,1.0,100.0,133.74488830566406,598.1458129882812,1633762853.7406762,1633762922.573217
1633762925.2052724,1.0,100.0,159.72439575195312,509.3580322265625,1633762925.2052724,1633762976.8817852
1633762978.5692167,1.0,100.0,257.5003662109375,630.8890991210938,1633762978.5692167,1633763014.2817883
1633763015.9108987,1.0,100.0,174.3168182373047,610.56396484375,1633763015.9108987,1633763067.5926569
1633763127.421404,1.0,101.0,157.2843017578125,581.7691650390625,1633763127.421404,1633763184.623551
1633763186.7294574,1.0,101.0,229.15643310546875,568.1234130859375,1633763186.7294574,1633763225.8686602
1633763269.5496266,1.0,102.0,298.17535400390625,622.9605102539062,1633763269.5496266,1633763301.4033647
1633763304.612515,1.0,102.0,244.00900268554688,598.5654296875,1633763304.612515,1633763342.2217827
1633763398.6278923,1.0,103.0,225.36898803710938,627.7588500976562,1633763398.6278923,1633763441.1492715
1633763445.1338813,1.0,103.0,167.14727783203125,612.8770751953125,1633763445.1338813,1633763501.5093153
1633763558.6829617,1.0,104.0,500.8735046386719,581.786865234375,1633763558.6829617,1633763576.5297828
1633763578.9955661,1.0,104.0,289.4084167480469,637.0260620117188,1633763578.9955661,1633763610.573778
1633763611.6210244,1.0,104.0,243.0753173828125,634.4891967773438,1633763611.6210244,1633763651.411161
1633763654.9352145,1.0,104.0,366.1192626953125,631.0803833007812,1633763654.9352145,1633763679.9298024
1633763681.44779,1.0,104.0,368.4128723144531,624.9291381835938,1633763681.44779,1633763706.8377817
1633763745.9237258,1.0,105.0,286.1011657714844,637.6241455078125,1633763745.9237258,1633763778.2025187
1633763779.659041,1.0,105.0,250.0712432861328,640.8505859375,1633763779.659041,1633763816.656498
1633763817.424335,1.0,105.0,233.21994018554688,608.8006591796875,1633763817.424335,1633763856.3275263
1633763889.7194357,1.0,106.0,253.46763610839844,591.8763427734375,1633763889.7194357,1633763925.5977845
1633763928.903421,1.0,106.0,277.2715759277344,606.5367431640625,1633763928.903421,1633763961.3697836
1633763963.001132,1.0,106.0,327.1646423339844,614.5496826171875,1633763963.001132,1633763991.5341651
1633763994.5265806,1.0,106.0,390.8796691894531,640.1621704101562,1633763994.5265806,1633764019.0968015
1633764090.4776866,1.0,107.0,420.0815734863281,637.7357177734375,1633764090.4776866,1633764112.5115018
1633764112.8174794,1.0,107.0,110.4449462890625,203.5967254638672,1633764112.8174794,1633764147.395793
1633764148.9401922,1.0,107.0,534.3037109375,642.5231323242188,1633764148.9401922,1633764166.156991
1633764192.561603,1.0,108.0,276.64886474609375,629.31103515625,1633764192.561603,1633764225.2998526
1633764226.8397896,1.0,108.0,314.720703125,651.0574951171875,1633764226.8397896,1633764256.853704
1633764257.7264009,1.0,108.0,204.5731201171875,572.0980224609375,1633764257.7264009,1633764300.3370814
1633764302.3158367,1.0,108.0,166.07843017578125,603.875,1633764302.3158367,1633764355.055979
1633764357.3664906,1.0,108.0,283.412109375,615.2527465820312,1633764357.3664906,1633764390.353789
1633764391.482551,1.0,108.0,252.37744140625,636.6763916015625,1633764391.482551,1633764429.4732676
1633764432.8282034,1.0,108.0,328.80322265625,620.1798095703125,1633764432.8282034,1633764461.070019
1633764463.4044034,1.0,108.0,284.7126770019531,654.9031982421875,1633764463.4044034,1633764496.3674593
1633764499.3966265,1.0,108.0,250.0437774658203,663.4446411132812,1633764499.3966265,1633764539.0976746
1633764541.568828,1.0,108.0,247.0804443359375,649.76904296875,1633764541.568828,1633764578.860327
1633764582.047743,1.0,108.0,330.6666564941406,629.831298828125,1633764582.047743,1633764611.1041963
1633764614.1589956,1.0,108.0,444.1744079589844,649.084228515625,1633764614.1589956,1633764636.037789
1633764637.2800407,1.0,108.0,230.8090362548828,633.3680419921875,1633764637.2800407,1633764677.0878417
1633764679.0883477,1.0,108.0,281.807373046875,618.3314208984375,1633764679.0883477,1633764713.1648154
1633764714.6541474,1.0,108.0,318.0345153808594,669.0836181640625,1633764714.6541474,1633764744.852129
1633764746.8185418,1.0,108.0,189.27471923828125,253.40904235839844,1633764746.8185418,1633764771.2697737
1633764774.4355145,1.0,108.0,377.79241943359375,584.1489868164062,1633764774.4355145,1633764798.0966568
1633764801.1923056,1.0,108.0,237.25674438476562,629.0232543945312,1633764801.1923056,1633764841.1026576
1633764844.1468444,1.0,108.0,264.0449523925781,665.2280883789062,1633764844.1468444,1633764880.8337798
1633764881.4056737,1.0,108.0,160.873291015625,339.2672119140625,1633764881.4056737,1633764918.1177971
1633764918.6781244,1.0,108.0,396.48431396484375,639.4397583007812,1633764918.6781244,1633764942.8783247
1633764943.970503,1.0,108.0,193.3586883544922,650.4943237304688,1633764943.970503,1633764992.5537858
1633764994.240839,1.0,108.0,333.59942626953125,605.3143310546875,1633764994.240839,1633765021.6539552
1633765023.7481577,1.0,108.0,247.46168518066406,641.3271484375,1633765023.7481577,1633765061.091313
1633765104.6844697,1.0,109.0,316.81097412109375,662.2832641601562,1633765104.6844697,1633765134.569797
1633765136.8097446,1.0,109.0,332.0959777832031,648.6288452148438,1633765136.8097446,1633765166.3463862
1633765168.78252,1.0,109.0,250.39617919921875,644.5966796875,1633765168.78252,1633765206.6465168
1633765235.271232,1.0,110.0,245.02886962890625,644.1929931640625,1633765235.271232,1633765274.7278075
1633765277.945709,1.0,110.0,189.24220275878906,338.9696960449219,1633765277.945709,1633765308.980013
1633765311.5525494,1.0,110.0,233.7950439453125,296.56622314453125,1633765311.5525494,1633765333.7129843
1633765337.3004167,1.0,110.0,363.4373474121094,620.8126220703125,1633765337.3004167,1633765362.6417854
1633765363.5598078,1.0,110.0,284.1261291503906,632.1992797851562,1633765363.5598078,1633765396.0735383
1633765397.4989948,1.0,110.0,409.5548400878906,669.2255859375,1633765397.4989948,1633765421.0977876
1633765422.2882316,1.0,110.0,351.2853088378906,686.3026733398438,1633765422.2882316,1633765450.507458
1633765453.4660661,1.0,110.0,468.9576721191406,642.2774047851562,1633765453.4660661,1633765473.3591197
1633765510.3210583,1.0,110.0,509.3634033203125,638.9805908203125,1633765510.3210583,1633765529.0974364
1633765560.8904943,1.0,110.0,296.74188232421875,614.6761474609375,1633765560.8904943,1633765592.6217737
1633765595.299969,1.0,110.0,212.17994689941406,615.2979736328125,1633765595.299969,1633765639.3097844
1633765640.488566,1.0,110.0,270.7379150390625,655.962158203125,1633765640.488566,1633765676.2537801
1633765677.3029735,1.0,110.0,333.5436706542969,649.4961547851562,1633765677.3029735,1633765706.606484
1633765710.3129737,1.0,110.0,282.8058776855469,673.4338989257812,1633765710.3129737,1633765744.8737838
1633765748.1834843,1.0,110.0,310.19830322265625,668.9847412109375,1633765748.1834843,1633765779.2571554
1633765781.6151266,1.0,110.0,276.3368225097656,611.91015625,1633765781.6151266,1633765815.41084
1633765861.7480175,1.0,111.0,258.9720764160156,664.1253051757812,1633765861.7480175,1633765899.033891
1633765901.2801902,1.0,111.0,308.2154846191406,673.6368408203125,1633765901.2801902,1633765932.2390487
1633765933.9561014,1.0,111.0,314.39715576171875,657.3822631835938,1633765933.9561014,1633765965.7630053
1633766032.6808677,1.0,112.0,209.7264862060547,657.307861328125,1633766032.6808677,1633766077.405786
1633766079.40466,1.0,112.0,295.6031799316406,613.3238525390625,1633766079.40466,1633766110.994307
1633766155.3073769,1.0,113.0,273.4444885253906,683.0489501953125,1633766155.3073769,1633766191.2817705
1633766193.1027691,1.0,113.0,284.5627746582031,645.9600830078125,1633766193.1027691,1633766227.221778
1633766230.157216,1.0,113.0,396.422607421875,642.5097045898438,1633766230.157216,1633766253.4959457
1633766396.1364012,1.0,114.0,393.3963928222656,665.1087646484375,1633766396.1364012,1633766421.3577816
1633766422.3848145,1.0,114.0,111.26327514648438,272.4117431640625,1633766422.3848145,1633766467.7636678
1633766505.7321057,1.0,115.0,265.2796936035156,659.4061279296875,1633766505.7321057,1633766541.7129993
1633766543.356813,1.0,115.0,246.4561309814453,667.5606079101562,1633766543.356813,1633766582.0046635
1633766584.1457925,1.0,115.0,148.41172790527344,737.6986694335938,1633766584.1457925,1633766653.0958672
1633766654.5998085,1.0,115.0,148.429931640625,664.6676635742188,1633766654.5998085,1633766722.887921
1633766726.75171,1.0,115.0,266.5704040527344,663.1787109375,1633766726.75171,1633766764.3177698
1633766768.3734145,1.0,115.0,198.07090759277344,728.5906982421875,1633766768.3734145,1633766820.0417812
1633766925.2785394,1.0,116.0,177.62974548339844,701.8617553710938,1633766925.2785394,1633766981.417786
1633766984.1402264,1.0,116.0,277.2791748046875,676.8124389648438,1633766984.1402264,1633767019.0977747
1633767020.816264,1.0,116.0,132.05563354492188,671.6056518554688,1633767020.816264,1633767096.3298917
1633767100.0099127,1.0,116.0,129.38229370117188,660.2815551757812,1633767100.0099127,1633767177.0915592
1633767179.8919094,1.0,116.0,150.0080108642578,637.1162719726562,1633767179.8919094,1633767244.7217784
1633767249.1958785,1.0,116.0,196.87222290039062,664.6907348632812,1633767249.1958785,1633767299.7057981
1633767353.5410745,1.0,117.0,110.42935943603516,664.9521484375,1633767353.5410745,1633767443.978981
1633767477.8807843,1.0,118.0,229.5835418701172,693.273681640625,1633767477.8807843,1633767523.1017962
1633767526.4128892,1.0,118.0,181.60708618164062,718.1912231445312,1633767526.4128892,1633767581.581442
1633767620.4255826,1.0,119.0,90.29694366455078,233.3184356689453,1633767620.4255826,1633767668.9986556
1633767717.026043,1.0,120.0,146.58160400390625,695.5968627929688,1633767717.026043,1633767787.7784402
1633767789.3240304,1.0,120.0,166.2480926513672,301.66827392578125,1633767789.3240304,1633767821.077778
1633767824.5930557,1.0,120.0,397.3371276855469,699.712890625,1633767824.5930557,1633767850.8377724
1633767915.2045515,1.0,121.0,153.28668212890625,675.9420776367188,1633767915.2045515,1633767981.4073036
1633768047.8820174,1.0,122.0,225.40267944335938,782.9381713867188,1633768047.8820174,1633768095.281631
1633768097.0842679,1.0,122.0,194.6846923828125,763.7542724609375,1633768097.0842679,1633768151.3617744
1633768154.6437688,1.0,122.0,205.9834747314453,676.1661376953125,1633768154.6437688,1633768204.3225112
1633768209.0662162,1.0,122.0,164.3507843017578,744.3494873046875,1633768209.0662162,1633768271.9743407
1633768326.7820024,1.0,123.0,249.74853515625,689.0197143554688,1633768326.7820024,1633768368.5800464
1633768372.7851546,1.0,123.0,167.41293334960938,735.115966796875,1633768372.7851546,1633768433.8377838
1633768500.9366412,1.0,124.0,177.38963317871094,731.889892578125,1633768500.9366412,1633768558.9952786
1633768561.3107522,1.0,124.0,216.4575958251953,698.0511474609375,1633768561.3107522,1633768609.0937824
1633768657.578092,1.0,125.0,262.05352783203125,778.4225463867188,1633768657.578092,1633768698.600243
1633768700.5518904,1.0,125.0,179.53892517089844,760.2885131835938,1633768700.5518904,1633768761.3297954
1633768870.3988976,1.0,126.0,184.67697143554688,694.888671875,1633768870.3988976,1633768926.3344045
1633768991.0187669,1.0,127.0,252.46014404296875,721.9863891601562,1633768991.0187669,1633769031.1359906
1633769076.5498774,1.0,128.0,303.8309631347656,668.2567138671875,1633769076.5498774,1633769108.7947803
1633769110.2369454,1.0,128.0,254.09527587890625,744.5091552734375,1633769110.2369454,1633769151.064151
1633769154.1740506,1.0,128.0,154.10939025878906,668.3228759765625,1633769154.1740506,1633769219.4977806
1633769291.3712354,1.0,129.0,395.07666015625,686.2588500976562,1633769291.3712354,1633769317.373783
1633769321.6552615,1.0,129.0,181.4958038330078,692.2108764648438,1633769321.6552615,1633769379.1937838
1633769452.3662152,1.0,130.0,163.89796447753906,708.8904418945312,1633769452.3662152,1633769516.5097818
1633769521.0460932,1.0,130.0,378.78765869140625,745.3670654296875,1633769521.0460932,1633769548.5337882
1633769592.2506301,1.0,131.0,154.1735382080078,699.47119140625,1633769592.2506301,1633769659.6097922
1633769661.8853118,1.0,131.0,248.53073120117188,731.8885498046875,1633769661.8853118,1633769705.533837
1633769709.4068413,1.0,131.0,285.0589599609375,732.1630859375,1633769709.4068413,1633769746.437776
1633769750.0664046,1.0,131.0,166.55184936523438,754.320068359375,1633769750.0664046,1633769812.43137
1633769814.340271,1.0,131.0,233.8546905517578,732.6390991210938,1633769814.340271,1633769857.9057853
1633769920.211472,1.0,132.0,269.7613525390625,727.55029296875,1633769920.211472,1633769959.349771
1633769962.77858,1.0,132.0,243.71043395996094,730.41455078125,1633769962.77858,1633770007.1057744
1633770064.8492832,1.0,133.0,203.99029541015625,726.9408569335938,1633770064.8492832,1633770116.4497752
1633770118.9098055,1.0,133.0,262.6085205078125,731.6819458007812,1633770118.9098055,1633770159.5177808
1633770161.8792572,1.0,133.0,213.28762817382812,714.3497314453125,1633770161.8792572,1633770211.1319973
1633770216.2851439,1.0,133.0,237.6072235107422,689.2904052734375,1633770216.2851439,1633770260.0085633
1633770263.8166876,1.0,133.0,315.3748474121094,720.3287353515625,1633770263.8166876,1633770295.8357291
1633770299.1829088,1.0,133.0,207.9807891845703,742.5119018554688,1633770299.1829088,1633770349.1057885
1633770407.9945984,1.0,134.0,240.93040466308594,705.3847045898438,1633770407.9945984,1633770451.413777
1633770453.4277081,1.0,134.0,187.760009765625,733.3206176757812,1633770453.4277081,1633770511.4113028
1633770567.3820822,1.0,135.0,196.62489318847656,712.4249267578125,1633770567.3820822,1633770620.8188581
1633770625.3475423,1.0,135.0,221.86105346679688,693.2012329101562,1633770625.3475423,1633770669.7897723
1633770673.6280313,1.0,135.0,187.58677673339844,781.7425537109375,1633770673.6280313,1633770731.1107633
1633770735.175782,1.0,135.0,197.6886749267578,722.7081298828125,1633770735.175782,1633770789.2709403
1633770840.2618997,1.0,136.0,222.1333770751953,738.5601806640625,1633770840.2618997,1633770889.259489
1633770894.0447888,1.0,136.0,210.91000366210938,741.0885009765625,1633770894.0447888,1633770945.1424136
1633771025.0259557,1.0,137.0,237.43544006347656,756.9656372070312,1633771025.0259557,1633771071.147968
1633771124.7106836,1.0,138.0,342.7618103027344,765.3455810546875,1633771124.7106836,1633771157.3835196
1633771160.7368941,1.0,138.0,248.01602172851562,776.2603149414062,1633771160.7368941,1633771203.693796
1633771205.172042,1.0,138.0,409.15045166015625,731.1782836914062,1633771205.172042,1633771231.39467
1633771235.8969095,1.0,139.0,139.52508544921875,707.1466674804688,1633771235.8969095,1633771311.395877
1633771314.6591966,1.0,139.0,255.27381896972656,763.112060546875,1633771314.6591966,1633771357.1586592
1633771361.09062,1.0,139.0,189.5364227294922,762.3904418945312,1633771361.09062,1633771419.0900242
1633771422.6968298,1.0,139.0,224.44009399414062,765.7463989257812,1633771422.6968298,1633771470.9457843
1633771473.0221264,1.0,139.0,146.03440856933594,705.8579711914062,1633771473.0221264,1633771541.492293
1633771601.8335085,1.0,140.0,245.97366333007812,726.6492309570312,1633771601.8335085,1633771643.4965053
1633771717.7641823,1.0,141.0,243.21824645996094,757.5711669921875,1633771717.7641823,1633771763.093842
1633771766.7299056,1.0,141.0,240.4129638671875,770.1212768554688,1633771766.7299056,1633771811.0993922
1633771879.699988,1.0,142.0,244.34375,696.372314453125,1633771879.699988,1633771922.2834387
1633772000.6782882,1.0,143.0,203.1689453125,767.8550415039062,1633772000.6782882,1633772053.1961572
1633772055.1268625,1.0,143.0,154.75941467285156,752.5528564453125,1633772055.1268625,1633772121.849783
1633772126.1406856,1.0,143.0,130.1676025390625,705.6376342773438,1633772126.1406856,1633772207.0824811
1633772209.578102,1.0,143.0,207.92733764648438,805.4483032226562,1633772209.578102,1633772261.9617848
1633772383.1624355,1.0,144.0,198.90231323242188,828.1119384765625,1633772383.1624355,1633772439.0290556
1633772492.3477128,1.0,145.0,264.3503723144531,721.3991088867188,1633772492.3477128,1633772532.4157457
1633772537.1823623,1.0,145.0,211.75723266601562,731.0421142578125,1633772537.1823623,1633772587.1546805
1633772638.3910878,1.0,146.0,420.33795166015625,762.7260131835938,1633772638.3910878,1633772663.689778
1633772665.403461,1.0,146.0,204.95567321777344,780.1091918945312,1633772665.403461,1633772718.2831872
1633772722.8964326,1.0,146.0,202.92630004882812,768.519775390625,1633772722.8964326,1633772775.225776
1633772778.1842105,1.0,146.0,317.3728332519531,708.4970092773438,1633772778.1842105,1633772811.362853
1633772816.531379,1.0,146.0,259.8379821777344,829.8853759765625,1633772816.531379,1633772859.2657022
1633772860.109181,1.0,146.0,215.9613494873047,731.9527587890625,1633772860.109181,1633772907.589899
1633772910.3937156,1.0,146.0,228.2313995361328,758.4483032226562,1633772910.3937156,1633772959.1118138
1633772963.4032264,1.0,146.0,226.75631713867188,787.022216796875,1633772963.4032264,1633773011.0755491
1633773072.0701442,1.0,147.0,228.18408203125,713.47412109375,1633773072.0701442,1633773119.14179
1633773123.195369,1.0,147.0,172.6308135986328,756.326904296875,1633773123.195369,1633773186.2432094
1633773190.8665297,1.0,147.0,192.25189208984375,774.265869140625,1633773190.8665297,1633773245.8828955
1633773246.6801863,1.0,147.0,206.54953002929688,730.8349609375,1633773246.6801863,1633773298.720971
1633773302.2950416,1.0,147.0,152.56338500976562,761.3316650390625,1633773302.2950416,1633773371.1057868
1633773374.417998,1.0,147.0,202.26747131347656,801.3796997070312,1633773374.417998,1633773428.1537766
